# tracer: nop
#
# entries-in-buffer/entries-written: 1388/1388   #P:32
#
#                                _-----=> irqs-off/BH-disabled
#                               / _----=> need-resched
#                              | / _---=> hardirq/softirq
#                              || / _--=> preempt-depth
#                              ||| / _-=> migrate-disable
#                              |||| /     delay
#           TASK-PID     CPU#  |||||  TIMESTAMP  FUNCTION
#              | |         |   |||||     |         |
            bash-6654    [029] ...1. 153571329082: tracing_mark_write: cal 1791042883.222511487
            bash-6654    [016] ...1. 156001453761: tracing_mark_write: cal 1791042884.227084415
            bash-6654    [008] ...1. 158177477217: tracing_mark_write: cycle control 1
            bash-6654    [028] ..... 158228223515: suspend_resume: suspend_enter[1] begin
            bash-6654    [028] ..... 158228226998: suspend_resume: sync_filesystems[0] begin
            bash-6654    [012] ..... 158921514031: suspend_resume: sync_filesystems[0] end
            bash-6654    [017] ..... 159338228888: suspend_resume: freeze_processes[0] begin
            bash-6654    [014] ..... 159350771427: suspend_resume: freeze_processes[0] end
            bash-6654    [014] ..... 159350775981: suspend_resume: suspend_enter[1] end
            bash-6654    [014] ..... 159350886304: suspend_resume: dpm_prepare[2] begin
            bash-6654    [004] ..... 159595485962: suspend_resume: dpm_prepare[2] end
            bash-6654    [004] ..... 159595518483: suspend_resume: dpm_suspend[2] begin
            bash-6654    [014] ..... 163263673404: suspend_resume: dpm_suspend[2] end
            bash-6654    [014] ..... 163263700027: suspend_resume: dpm_suspend_late[2] begin
            bash-6654    [014] ..... 165959176680: suspend_resume: dpm_resume_early[16] begin
            bash-6654    [005] ..... 165968120162: suspend_resume: dpm_resume_early[16] end
            bash-6654    [005] ..... 165968145374: suspend_resume: dpm_suspend_late[2] end
            bash-6654    [005] ..... 165968153262: suspend_resume: dpm_resume[16] begin
            bash-6654    [005] ..... 168679962887: suspend_resume: dpm_resume[16] end
            bash-6654    [005] .l... 168679978580: suspend_resume: dpm_complete[16] begin
            bash-6654    [005] ..... 168705934450: suspend_resume: dpm_complete[16] end
            bash-6654    [005] ..... 168705958091: suspend_resume: console_resume_all[1] begin
            bash-6654    [010] ..... 168706831578: suspend_resume: console_resume_all[1] end
            bash-6654    [010] ..... 168706836886: suspend_resume: thaw_processes[0] begin
            bash-6654    [000] ..... 168716335461: suspend_resume: thaw_processes[0] end
            bash-6654    [006] ...1. 170037065043: tracing_mark_write: cycle control 2
            bash-6654    [022] ..... 170085656672: suspend_resume: suspend_enter[1] begin
            bash-6654    [022] ..... 170085660736: suspend_resume: sync_filesystems[0] begin
            bash-6654    [022] ..... 170121510821: suspend_resume: sync_filesystems[0] end
            bash-6654    [022] ..... 170135372496: suspend_resume: freeze_processes[0] begin
            bash-6654    [007] ..... 170147869028: suspend_resume: freeze_processes[0] end
            bash-6654    [007] ..... 170147873469: suspend_resume: suspend_enter[1] end
            bash-6654    [007] ..... 170147975372: suspend_resume: dpm_prepare[2] begin
            bash-6654    [007] ..... 170258783111: suspend_resume: dpm_prepare[2] end
            bash-6654    [007] ..... 170258811248: suspend_resume: dpm_suspend[2] begin
            bash-6654    [008] ..... 170984307593: suspend_resume: dpm_suspend[2] end
            bash-6654    [008] ..... 170984333951: suspend_resume: dpm_suspend_late[2] begin
            bash-6654    [008] ..... 173677192760: suspend_resume: dpm_suspend_late[2] end
            bash-6654    [004] ..... 173678568196: suspend_resume: dpm_suspend_noirq[2] begin
            bash-6654    [021] ..... 176424862584: suspend_resume: dpm_suspend_noirq[2] end
            bash-6654    [002] ..... 176435429424: suspend_resume: machine_suspend[1] begin
          <idle>-0       [004] d..2. 176435939970: suspend_resume: timekeeping_freeze[4] begin
          <idle>-0       [008] dN.2. 176436895796: suspend_resume: timekeeping_freeze[8] end
          <idle>-0       [008] d..2. 176436931228: suspend_resume: timekeeping_freeze[8] begin
          <idle>-0       [000] dN.2. 176675809369: suspend_resume: timekeeping_freeze[0] end
            bash-6654    [002] ..... 176676194071: suspend_resume: machine_suspend[1] end
            bash-6654    [002] ..... 176677910197: suspend_resume: machine_suspend[1] begin
            bash-6654    [002] ..... 176678511642: suspend_resume: machine_suspend[1] end
            bash-6654    [002] ..... 176678985410: suspend_resume: machine_suspend[1] begin
          <idle>-0       [027] d..2. 176679258173: suspend_resume: timekeeping_freeze[27] begin
          <idle>-0       [012] dN.2. 176680386711: suspend_resume: timekeeping_freeze[12] end
          <idle>-0       [012] d..2. 176680424838: suspend_resume: timekeeping_freeze[12] begin
          <idle>-0       [000] dN.2. 182080345531: suspend_resume: timekeeping_freeze[0] end
            bash-6654    [002] ..... 182080899618: suspend_resume: machine_suspend[1] end
            bash-6654    [004] ..... 182093561623: suspend_resume: dpm_resume_noirq[16] begin
            bash-6654    [004] ..... 183552320520: suspend_resume: dpm_resume_noirq[16] end
            bash-6654    [004] ..... 183552978555: suspend_resume: dpm_resume_early[16] begin
            bash-6654    [005] ..... 183561039098: suspend_resume: dpm_resume_early[16] end
            bash-6654    [005] ..... 183561043782: suspend_resume: dpm_resume[16] begin
            bash-6654    [005] ..... 186273334612: suspend_resume: dpm_resume[16] end
            bash-6654    [005] ..... 186273345472: suspend_resume: dpm_complete[16] begin
            bash-6654    [000] ..... 186304010122: suspend_resume: dpm_complete[16] end
            bash-6654    [000] ..... 186304033010: suspend_resume: console_resume_all[1] begin
            bash-6654    [000] ..... 186304147418: suspend_resume: console_resume_all[1] end
            bash-6654    [000] ..... 186304150458: suspend_resume: thaw_processes[0] begin
            bash-6654    [005] ..... 186317356707: suspend_resume: thaw_processes[0] end
            bash-6654    [029] ...1. 190847998023: tracing_mark_write: cycle control 3
            bash-6654    [017] ..... 190897488665: suspend_resume: suspend_enter[1] begin
            bash-6654    [017] ..... 190897494398: suspend_resume: sync_filesystems[0] begin
            bash-6654    [017] ..... 190954105375: suspend_resume: sync_filesystems[0] end
            bash-6654    [017] ..... 190968622874: suspend_resume: freeze_processes[0] begin
            bash-6654    [031] ..... 190981008013: suspend_resume: freeze_processes[0] end
            bash-6654    [031] ..... 190981013667: suspend_resume: suspend_enter[1] end
            bash-6654    [012] ..... 190981147764: suspend_resume: dpm_prepare[2] begin
            bash-6654    [012] ..... 191043711937: suspend_resume: dpm_prepare[2] end
            bash-6654    [012] ..... 191043741315: suspend_resume: dpm_suspend[2] begin
            bash-6654    [006] ..... 191796051133: suspend_resume: dpm_suspend[2] end
            bash-6654    [006] ..... 191796077251: suspend_resume: dpm_suspend_late[2] begin
            bash-6654    [006] ..... 194492644677: suspend_resume: dpm_suspend_late[2] end
            bash-6654    [006] ..... 194493919825: suspend_resume: dpm_suspend_noirq[2] begin
            bash-6654    [008] ..... 197240056399: suspend_resume: dpm_suspend_noirq[2] end
            bash-6654    [004] ..... 197251583576: suspend_resume: machine_suspend[1] begin
          <idle>-0       [014] d..2. 197252198348: suspend_resume: timekeeping_freeze[14] begin
          <idle>-0       [000] dN.2. 197253523136: suspend_resume: timekeeping_freeze[0] end
          <idle>-0       [000] d..2. 197253579139: suspend_resume: timekeeping_freeze[0] begin
          <idle>-0       [001] dN.2. 201433733246: suspend_resume: timekeeping_freeze[1] end
            bash-6654    [004] ..... 201434315845: suspend_resume: machine_suspend[1] end
            bash-6654    [004] ..... 201443158312: suspend_resume: dpm_resume_noirq[16] begin
            bash-6654    [004] ..... 202908842616: suspend_resume: dpm_resume_noirq[16] end
            bash-6654    [004] ..... 202909589111: suspend_resume: dpm_resume_early[16] begin
            bash-6654    [004] ..... 202915850588: suspend_resume: dpm_resume_early[16] end
            bash-6654    [004] ..... 202915854394: suspend_resume: dpm_resume[16] begin
            bash-6654    [006] ..... 205625328695: suspend_resume: dpm_resume[16] end
            bash-6654    [006] ..... 205625342990: suspend_resume: dpm_complete[16] begin
            bash-6654    [006] ..... 205654897603: suspend_resume: dpm_complete[16] end
            bash-6654    [006] ..... 205654913767: suspend_resume: console_resume_all[1] begin
            bash-6654    [006] ..... 205655388702: suspend_resume: console_resume_all[1] end
            bash-6654    [006] ..... 205655392114: suspend_resume: thaw_processes[0] begin
            bash-6654    [004] ..... 205667509363: suspend_resume: thaw_processes[0] end
            bash-6654    [019] ...1. 211646863117: tracing_mark_write: cycle control 4
            bash-6654    [018] ..... 211704725321: suspend_resume: suspend_enter[1] begin
            bash-6654    [018] ..... 211704730493: suspend_resume: sync_filesystems[0] begin
            bash-6654    [018] ..... 211754878141: suspend_resume: sync_filesystems[0] end
            bash-6654    [004] ..... 211807475843: suspend_resume: freeze_processes[0] begin
            bash-6654    [004] ..... 211819522951: suspend_resume: freeze_processes[0] end
            bash-6654    [004] ..... 211819524046: suspend_resume: suspend_enter[1] end
            bash-6654    [004] ..... 211819626118: suspend_resume: dpm_prepare[2] begin
            bash-6654    [004] ..... 211944855449: suspend_resume: dpm_prepare[2] end
            bash-6654    [004] ..... 211944883899: suspend_resume: dpm_suspend[2] begin
            bash-6654    [010] ..... 212677653007: suspend_resume: dpm_suspend[2] end
            bash-6654    [010] ..... 212677679298: suspend_resume: dpm_suspend_late[2] begin
            bash-6654    [010] ..... 215375764174: suspend_resume: dpm_suspend_late[2] end
            bash-6654    [004] ..... 215377261080: suspend_resume: dpm_suspend_noirq[2] begin
            bash-6654    [006] ..... 218121010484: suspend_resume: dpm_suspend_noirq[2] end
            bash-6654    [006] ..... 218131525582: suspend_resume: machine_suspend[1] begin
            bash-6654    [006] ..... 218132159501: suspend_resume: machine_suspend[1] end
            bash-6654    [006] ..... 218132609741: suspend_resume: machine_suspend[1] begin
          <idle>-0       [001] d..2. 218132978411: suspend_resume: timekeeping_freeze[1] begin
          <idle>-0       [000] dN.2. 218133945175: suspend_resume: timekeeping_freeze[0] end
          <idle>-0       [000] d..2. 218133975207: suspend_resume: timekeeping_freeze[0] begin
          <idle>-0       [000] dN.2. 218134968307: suspend_resume: timekeeping_freeze[0] end
          <idle>-0       [000] d..2. 218134986924: suspend_resume: timekeeping_freeze[0] begin
          <idle>-0       [000] dN.2. 223206220827: suspend_resume: timekeeping_freeze[0] end
            bash-6654    [006] ..... 223206589580: suspend_resume: machine_suspend[1] end
            bash-6654    [006] ..... 223215409495: suspend_resume: dpm_resume_noirq[16] begin
            bash-6654    [005] ..... 224660246735: suspend_resume: dpm_resume_noirq[16] end
            bash-6654    [005] ..... 224660972603: suspend_resume: dpm_resume_early[16] begin
            bash-6654    [005] ..... 224667323096: suspend_resume: dpm_resume_early[16] end
            bash-6654    [005] ..... 224667329030: suspend_resume: dpm_resume[16] begin
            bash-6654    [004] ..... 227375798688: suspend_resume: dpm_resume[16] end
            bash-6654    [004] ..... 227375815654: suspend_resume: dpm_complete[16] begin
            bash-6654    [005] ..... 227406622840: suspend_resume: dpm_complete[16] end
            bash-6654    [005] ..... 227406648614: suspend_resume: console_resume_all[1] begin
            bash-6654    [005] ..... 227407047320: suspend_resume: console_resume_all[1] end
            bash-6654    [005] ..... 227407051740: suspend_resume: thaw_processes[0] begin
            bash-6654    [005] ..... 227422209610: suspend_resume: thaw_processes[0] end
            bash-6654    [018] ...1. 234142167944: tracing_mark_write: cycle control 5
            bash-6654    [010] ..... 234191463220: suspend_resume: suspend_enter[1] begin
            bash-6654    [010] ..... 234191467367: suspend_resume: sync_filesystems[0] begin
            bash-6654    [010] ..... 234244640530: suspend_resume: sync_filesystems[0] end
            bash-6654    [010] ..... 234482272754: suspend_resume: freeze_processes[0] begin
            bash-6654    [014] ..... 234495401820: suspend_resume: freeze_processes[0] end
            bash-6654    [014] ..... 234495404094: suspend_resume: suspend_enter[1] end
            bash-6654    [014] ..... 234495501045: suspend_resume: dpm_prepare[2] begin
            bash-6654    [014] ..... 234620997333: suspend_resume: dpm_prepare[2] end
            bash-6654    [014] ..... 234621030577: suspend_resume: dpm_suspend[2] begin
            bash-6654    [011] ..... 238289709890: suspend_resume: dpm_suspend[2] end
            bash-6654    [011] ..... 238289737173: suspend_resume: dpm_suspend_late[2] begin
            bash-6654    [008] ..... 240987227034: suspend_resume: dpm_suspend_late[2] end
            bash-6654    [008] ..... 240988507662: suspend_resume: dpm_suspend_noirq[2] begin
            bash-6654    [010] ..... 243738840560: suspend_resume: dpm_suspend_noirq[2] end
            bash-6654    [006] ..... 243749768625: suspend_resume: machine_suspend[1] begin
            bash-6654    [006] ..... 243750461550: suspend_resume: machine_suspend[1] end
            bash-6654    [006] ..... 243750906061: suspend_resume: machine_suspend[1] begin
          <idle>-0       [003] d..2. 243751197591: suspend_resume: timekeeping_freeze[3] begin
          <idle>-0       [004] dN.2. 243752221656: suspend_resume: timekeeping_freeze[4] end
          <idle>-0       [002] d..2. 243752303434: suspend_resume: timekeeping_freeze[2] begin
          <idle>-0       [000] dN.2. 243753238088: suspend_resume: timekeeping_freeze[0] end
          <idle>-0       [000] d..2. 243753341058: suspend_resume: timekeeping_freeze[0] begin
          <idle>-0       [000] dN.2. 244978649964: suspend_resume: timekeeping_freeze[0] end
            bash-6654    [006] ..... 244979045086: suspend_resume: machine_suspend[1] end
            bash-6654    [006] ..... 244988555617: suspend_resume: dpm_resume_noirq[16] begin
            bash-6654    [006] ..... 246428110821: suspend_resume: dpm_resume_noirq[16] end
            bash-6654    [006] ..... 246428812603: suspend_resume: dpm_resume_early[16] begin
            bash-6654    [006] ..... 246435026494: suspend_resume: dpm_resume_early[16] end
            bash-6654    [006] ..... 246435030483: suspend_resume: dpm_resume[16] begin
            bash-6654    [009] .l... 249143865332: suspend_resume: dpm_resume[16] end
            bash-6654    [009] .l... 249143872573: suspend_resume: dpm_complete[16] begin
            bash-6654    [014] ..... 249174056139: suspend_resume: dpm_complete[16] end
            bash-6654    [014] ..... 249174077349: suspend_resume: console_resume_all[1] begin
            bash-6654    [008] ..... 249174469126: suspend_resume: console_resume_all[1] end
            bash-6654    [008] ..... 249174477532: suspend_resume: thaw_processes[0] begin
            bash-6654    [021] ..... 249184271842: suspend_resume: thaw_processes[0] end
            bash-6654    [010] ...1. 256396002413: tracing_mark_write: cycle control 6
            bash-6654    [008] ..... 256442292876: suspend_resume: suspend_enter[1] begin
            bash-6654    [008] ..... 256442295367: suspend_resume: sync_filesystems[0] begin
            bash-6654    [008] ..... 256465136223: suspend_resume: sync_filesystems[0] end
            bash-6654    [008] ..... 256704101482: suspend_resume: freeze_processes[0] begin
            bash-6654    [008] ..... 256717345344: suspend_resume: freeze_processes[0] end
            bash-6654    [008] ..... 256717347882: suspend_resume: suspend_enter[1] end
            bash-6654    [010] ..... 256717468680: suspend_resume: dpm_prepare[2] begin
            bash-6654    [010] ..... 259292264220: suspend_resume: dpm_prepare[2] end
            bash-6654    [010] ..... 259292299960: suspend_resume: dpm_suspend[2] begin
            bash-6654    [004] ..... 260028271808: suspend_resume: dpm_suspend[2] end
            bash-6654    [004] ..... 260028291286: suspend_resume: dpm_suspend_late[2] begin
            bash-6654    [004] ..... 262711297892: suspend_resume: dpm_resume_early[16] begin
            bash-6654    [004] ..... 262774734328: suspend_resume: dpm_resume_early[16] end
            bash-6654    [004] ..... 262774745960: suspend_resume: dpm_suspend_late[2] end
            bash-6654    [004] ..... 262774754677: suspend_resume: dpm_resume[16] begin
            bash-6654    [004] ..... 265482020276: suspend_resume: dpm_resume[16] end
            bash-6654    [004] ..... 265482028779: suspend_resume: dpm_complete[16] begin
            bash-6654    [004] ..... 265508639471: suspend_resume: dpm_complete[16] end
            bash-6654    [004] ..... 265508662761: suspend_resume: console_resume_all[1] begin
            bash-6654    [004] ..... 265509111912: suspend_resume: console_resume_all[1] end
            bash-6654    [004] ..... 265509116601: suspend_resume: thaw_processes[0] begin
            bash-6654    [011] ..... 265518956617: suspend_resume: thaw_processes[0] end
            bash-6654    [006] ...1. 267767874694: tracing_mark_write: cycle control 7
            bash-6654    [018] ..... 267817616619: suspend_resume: suspend_enter[1] begin
            bash-6654    [018] ..... 267817620363: suspend_resume: sync_filesystems[0] begin
            bash-6654    [018] ..... 267848963938: suspend_resume: sync_filesystems[0] end
            bash-6654    [018] ..... 267862698515: suspend_resume: freeze_processes[0] begin
            bash-6654    [018] ..... 267874870755: suspend_resume: freeze_processes[0] end
            bash-6654    [018] ..... 267874872320: suspend_resume: suspend_enter[1] end
            bash-6654    [019] ..... 267875004998: suspend_resume: dpm_prepare[2] begin
            bash-6654    [019] ..... 267992215947: suspend_resume: dpm_prepare[2] end
            bash-6654    [019] ..... 267992247331: suspend_resume: dpm_suspend[2] begin
            bash-6654    [000] ..... 268662519611: suspend_resume: dpm_suspend[2] end
            bash-6654    [000] ..... 268662537873: suspend_resume: dpm_suspend_late[2] begin
            bash-6654    [006] ..... 271356047677: suspend_resume: dpm_suspend_late[2] end
            bash-6654    [006] ..... 271357400595: suspend_resume: dpm_suspend_noirq[2] begin
            bash-6654    [003] ..... 274110325585: suspend_resume: dpm_suspend_noirq[2] end
            bash-6654    [006] ..... 274120428709: suspend_resume: machine_suspend[1] begin
          <idle>-0       [004] d..2. 274120847232: suspend_resume: timekeeping_freeze[4] begin
          <idle>-0       [000] dN.2. 274147975066: suspend_resume: timekeeping_freeze[0] end
            bash-6654    [006] ..... 274148358761: suspend_resume: machine_suspend[1] end
            bash-6654    [006] ..... 274149505934: suspend_resume: machine_suspend[1] begin
            bash-6654    [006] ..... 274150068168: suspend_resume: machine_suspend[1] end
            bash-6654    [006] ..... 274150575101: suspend_resume: machine_suspend[1] begin
          <idle>-0       [031] d..2. 274150965818: suspend_resume: timekeeping_freeze[31] begin
          <idle>-0       [001] dN.2. 278846945371: suspend_resume: timekeeping_freeze[1] end
            bash-6654    [006] ..... 278847544793: suspend_resume: machine_suspend[1] end
            bash-6654    [006] ..... 278858662064: suspend_resume: dpm_resume_noirq[16] begin
            bash-6654    [028] ..... 280317909391: suspend_resume: dpm_resume_noirq[16] end
            bash-6654    [028] ..... 280318786463: suspend_resume: dpm_resume_early[16] begin
            bash-6654    [028] ..... 280326076432: suspend_resume: dpm_resume_early[16] end
            bash-6654    [028] ..... 280326085360: suspend_resume: dpm_resume[16] begin
            bash-6654    [004] ..... 283038372919: suspend_resume: dpm_resume[16] end
            bash-6654    [004] ..... 283038383553: suspend_resume: dpm_complete[16] begin
            bash-6654    [004] ..... 283068760349: suspend_resume: dpm_complete[16] end
            bash-6654    [004] ..... 283068819345: suspend_resume: console_resume_all[1] begin
            bash-6654    [018] ..... 283070660546: suspend_resume: console_resume_all[1] end
            bash-6654    [018] ..... 283070667065: suspend_resume: thaw_processes[0] begin
            bash-6654    [005] ..... 283085692219: suspend_resume: thaw_processes[0] end
            bash-6654    [030] ...1. 289777607456: tracing_mark_write: cycle control 8
            bash-6654    [027] ..... 289833897137: suspend_resume: suspend_enter[1] begin
            bash-6654    [027] ..... 289833902507: suspend_resume: sync_filesystems[0] begin
            bash-6654    [027] ..... 289876700697: suspend_resume: sync_filesystems[0] end
            bash-6654    [027] ..... 290119317430: suspend_resume: freeze_processes[0] begin
            bash-6654    [027] ..... 290132248843: suspend_resume: freeze_processes[0] end
            bash-6654    [027] ..... 290132250729: suspend_resume: suspend_enter[1] end
            bash-6654    [027] ..... 290132384870: suspend_resume: dpm_prepare[2] begin
            bash-6654    [027] ..... 290260090638: suspend_resume: dpm_prepare[2] end
            bash-6654    [027] ..... 290260123875: suspend_resume: dpm_suspend[2] begin
            bash-6654    [010] ..... 293928537744: suspend_resume: dpm_suspend[2] end
            bash-6654    [010] ..... 293928563616: suspend_resume: dpm_suspend_late[2] begin
            bash-6654    [005] ..... 296625277958: suspend_resume: dpm_suspend_late[2] end
            bash-6654    [005] ..... 296626579831: suspend_resume: dpm_suspend_noirq[2] begin
            bash-6654    [017] ..... 299375394620: suspend_resume: dpm_suspend_noirq[2] end
            bash-6654    [004] ..... 299392692757: suspend_resume: dpm_resume_noirq[16] begin
            bash-6654    [014] ..... 300834403017: suspend_resume: dpm_resume_noirq[16] end
            bash-6654    [006] ..... 300835433691: suspend_resume: dpm_resume_early[16] begin
            bash-6654    [000] ..... 300841734644: suspend_resume: dpm_resume_early[16] end
            bash-6654    [000] ..... 300841738895: suspend_resume: dpm_resume[16] begin
            bash-6654    [017] .l... 303548037564: suspend_resume: dpm_resume[16] end
            bash-6654    [017] .l... 303548049674: suspend_resume: dpm_complete[16] begin
            bash-6654    [014] ..... 303577788799: suspend_resume: dpm_complete[16] end
            bash-6654    [014] ..... 303577819256: suspend_resume: console_resume_all[1] begin
            bash-6654    [014] ..... 303578324701: suspend_resume: console_resume_all[1] end
            bash-6654    [014] ..... 303578333913: suspend_resume: thaw_processes[0] begin
            bash-6654    [005] ..... 303587879578: suspend_resume: thaw_processes[0] end
            bash-6654    [006] ...1. 308162095795: tracing_mark_write: cycle test 1
            bash-6654    [029] ..... 308212834177: suspend_resume: suspend_enter[1] begin
            bash-6654    [029] ..... 308212837727: suspend_resume: sync_filesystems[0] begin
            bash-6654    [029] ..... 308240292192: suspend_resume: sync_filesystems[0] end
            bash-6654    [029] ..... 308259306354: suspend_resume: freeze_processes[0] begin
            bash-6654    [012] ..... 308272204868: suspend_resume: freeze_processes[0] end
            bash-6654    [012] ..... 308272208570: suspend_resume: suspend_enter[1] end
            bash-6654    [012] ..... 308272319196: suspend_resume: dpm_prepare[2] begin
            bash-6654    [006] ..... 308379574617: suspend_resume: dpm_prepare[2] end
            bash-6654    [006] ..... 308379606081: suspend_resume: dpm_suspend[2] begin
            bash-6654    [010] ..... 309112977007: suspend_resume: dpm_suspend[2] end
            bash-6654    [010] ..... 309113002514: suspend_resume: dpm_suspend_late[2] begin
            bash-6654    [014] ..... 311809026105: suspend_resume: dpm_suspend_late[2] end
            bash-6654    [014] ..... 311810484102: suspend_resume: dpm_suspend_noirq[2] begin
            bash-6654    [014] ..... 314561483536: suspend_resume: dpm_suspend_noirq[2] end
            bash-6654    [006] ..... 314571469574: suspend_resume: machine_suspend[1] begin
          <idle>-0       [027] d..2. 314571875312: suspend_resume: timekeeping_freeze[27] begin
          <idle>-0       [010] dN.2. 314573105619: suspend_resume: timekeeping_freeze[10] end
          <idle>-0       [010] d..2. 314573142899: suspend_resume: timekeeping_freeze[10] begin
          <idle>-0       [000] dN.2. 315134332431: suspend_resume: timekeeping_freeze[0] end
            bash-6654    [006] ..... 315134945119: suspend_resume: machine_suspend[1] end
            bash-6654    [006] ..... 315144382382: suspend_resume: dpm_resume_noirq[16] begin
            bash-6654    [007] ..... 316589474055: suspend_resume: dpm_resume_noirq[16] end
            bash-6654    [007] ..... 316590195790: suspend_resume: dpm_resume_early[16] begin
            bash-6654    [016] ..... 316596678795: suspend_resume: dpm_resume_early[16] end
            bash-6654    [016] ..... 316596684429: suspend_resume: dpm_resume[16] begin
            bash-6654    [021] .l... 319309133364: suspend_resume: dpm_resume[16] end
            bash-6654    [021] .l... 319309144434: suspend_resume: dpm_complete[16] begin
            bash-6654    [021] ..... 319339252349: suspend_resume: dpm_complete[16] end
            bash-6654    [021] ..... 319339299026: suspend_resume: console_resume_all[1] begin
            bash-6654    [021] ..... 319339619598: suspend_resume: console_resume_all[1] end
            bash-6654    [021] ..... 319339624894: suspend_resume: thaw_processes[0] begin
            bash-6654    [023] ..... 319348485657: suspend_resume: thaw_processes[0] end
            bash-6654    [008] ...1. 327032979050: tracing_mark_write: cycle test 2
            bash-6654    [024] ..... 327082248168: suspend_resume: suspend_enter[1] begin
            bash-6654    [024] ..... 327082251373: suspend_resume: sync_filesystems[0] begin
            bash-6654    [024] ..... 327124048055: suspend_resume: sync_filesystems[0] end
            bash-6654    [010] ..... 327374047229: suspend_resume: freeze_processes[0] begin
            bash-6654    [000] ..... 327387395063: suspend_resume: freeze_processes[0] end
            bash-6654    [000] ..... 327387397402: suspend_resume: suspend_enter[1] end
            bash-6654    [000] ..... 327387469769: suspend_resume: dpm_prepare[2] begin
            bash-6654    [000] ..... 330066524979: suspend_resume: dpm_prepare[2] end
            bash-6654    [000] ..... 330066559094: suspend_resume: dpm_suspend[2] begin
            bash-6654    [004] ..... 330783583884: suspend_resume: dpm_suspend[2] end
            bash-6654    [004] ..... 330783603440: suspend_resume: dpm_suspend_late[2] begin
            bash-6654    [017] ..... 333476408729: suspend_resume: dpm_suspend_late[2] end
            bash-6654    [002] ..... 333478130211: suspend_resume: dpm_suspend_noirq[2] begin
            bash-6654    [006] ..... 336225671247: suspend_resume: dpm_suspend_noirq[2] end
            bash-6654    [006] ..... 336250440425: suspend_resume: machine_suspend[1] begin
          <idle>-0       [021] d..2. 336250842860: suspend_resume: timekeeping_freeze[21] begin
          <idle>-0       [012] dN.2. 336252077947: suspend_resume: timekeeping_freeze[12] end
            bash-6654    [006] ..... 336252395766: suspend_resume: machine_suspend[1] end
            bash-6654    [006] ..... 336252894358: suspend_resume: machine_suspend[1] begin
          <idle>-0       [022] d..2. 336253309555: suspend_resume: timekeeping_freeze[22] begin
          <idle>-0       [001] dN.2. 339326047547: suspend_resume: timekeeping_freeze[1] end
            bash-6654    [006] ..... 339326618842: suspend_resume: machine_suspend[1] end
            bash-6654    [006] ..... 339338568730: suspend_resume: dpm_resume_noirq[16] begin
            bash-6654    [002] ..... 340924443813: suspend_resume: dpm_resume_noirq[16] end
            bash-6654    [002] ..... 340925157351: suspend_resume: dpm_resume_early[16] begin
            bash-6654    [008] ..... 340931856511: suspend_resume: dpm_resume_early[16] end
            bash-6654    [008] ..... 340931861236: suspend_resume: dpm_resume[16] begin
            bash-6654    [004] ..... 343638282166: suspend_resume: dpm_resume[16] end
            bash-6654    [004] ..... 343638291260: suspend_resume: dpm_complete[16] begin
            bash-6654    [004] ..... 343668371015: suspend_resume: dpm_complete[16] end
            bash-6654    [004] ..... 343668395928: suspend_resume: console_resume_all[1] begin
            bash-6654    [017] ..... 343669037137: suspend_resume: console_resume_all[1] end
            bash-6654    [017] ..... 343669047638: suspend_resume: thaw_processes[0] begin
            bash-6654    [005] ..... 343684221553: suspend_resume: thaw_processes[0] end
            bash-6654    [010] ...1. 350502578986: tracing_mark_write: cycle test 3
            bash-6654    [023] ..... 350553737932: suspend_resume: suspend_enter[1] begin
            bash-6654    [023] ..... 350553742499: suspend_resume: sync_filesystems[0] begin
            bash-6654    [023] ..... 350583431675: suspend_resume: sync_filesystems[0] end
            bash-6654    [023] ..... 350818298821: suspend_resume: freeze_processes[0] begin
            bash-6654    [004] ..... 350830114777: suspend_resume: freeze_processes[0] end
            bash-6654    [004] ..... 350830119049: suspend_resume: suspend_enter[1] end
            bash-6654    [004] ..... 350830219245: suspend_resume: dpm_prepare[2] begin
            bash-6654    [004] ..... 350955002421: suspend_resume: dpm_prepare[2] end
            bash-6654    [004] ..... 350955035047: suspend_resume: dpm_suspend[2] begin
            bash-6654    [006] ..... 354624255883: suspend_resume: dpm_suspend[2] end
            bash-6654    [006] ..... 354624286942: suspend_resume: dpm_suspend_late[2] begin
            bash-6654    [014] ..... 357320665002: suspend_resume: dpm_suspend_late[2] end
            bash-6654    [006] ..... 357322349413: suspend_resume: dpm_suspend_noirq[2] begin
            bash-6654    [008] ..... 360072477727: suspend_resume: dpm_suspend_noirq[2] end
            bash-6654    [004] ..... 360089574695: suspend_resume: dpm_resume_noirq[16] begin
            bash-6654    [004] ..... 361528283609: suspend_resume: dpm_resume_noirq[16] end
            bash-6654    [004] ..... 361528918852: suspend_resume: dpm_resume_early[16] begin
            bash-6654    [004] ..... 361535258221: suspend_resume: dpm_resume_early[16] end
            bash-6654    [004] ..... 361535262710: suspend_resume: dpm_resume[16] begin
            bash-6654    [011] ..... 364245234963: suspend_resume: dpm_resume[16] end
            bash-6654    [011] ..... 364245243813: suspend_resume: dpm_complete[16] begin
            bash-6654    [006] ..... 364274934362: suspend_resume: dpm_complete[16] end
            bash-6654    [006] ..... 364274952859: suspend_resume: console_resume_all[1] begin
            bash-6654    [004] ..... 364275319015: suspend_resume: console_resume_all[1] end
            bash-6654    [004] ..... 364275325622: suspend_resume: thaw_processes[0] begin
            bash-6654    [026] ..... 364285161352: suspend_resume: thaw_processes[0] end
            bash-6654    [023] ...1. 369386538181: tracing_mark_write: cycle test 4
            bash-6654    [019] ..... 369437363000: suspend_resume: suspend_enter[1] begin
            bash-6654    [019] ..... 369437367319: suspend_resume: sync_filesystems[0] begin
            bash-6654    [019] ..... 369524257641: suspend_resume: sync_filesystems[0] end
            bash-6654    [019] ..... 369538582392: suspend_resume: freeze_processes[0] begin
            bash-6654    [019] ..... 369550901735: suspend_resume: freeze_processes[0] end
            bash-6654    [019] ..... 369550903379: suspend_resume: suspend_enter[1] end
            bash-6654    [019] ..... 369551010036: suspend_resume: dpm_prepare[2] begin
            bash-6654    [019] ..... 369667385138: suspend_resume: dpm_prepare[2] end
            bash-6654    [019] ..... 369667426411: suspend_resume: dpm_suspend[2] begin
            bash-6654    [000] ..... 370380427351: suspend_resume: dpm_suspend[2] end
            bash-6654    [000] ..... 370380453882: suspend_resume: dpm_suspend_late[2] begin
            bash-6654    [013] ..... 373076388243: suspend_resume: dpm_suspend_late[2] end
            bash-6654    [013] ..... 373077715927: suspend_resume: dpm_suspend_noirq[2] begin
            bash-6654    [002] ..... 375827769448: suspend_resume: dpm_suspend_noirq[2] end
            bash-6654    [006] ..... 375854164004: suspend_resume: machine_suspend[1] begin
          <idle>-0       [029] d..2. 375854591159: suspend_resume: timekeeping_freeze[29] begin
          <idle>-0       [000] dN.2. 375855888629: suspend_resume: timekeeping_freeze[0] end
            bash-6654    [006] ..... 375856179384: suspend_resume: machine_suspend[1] end
            bash-6654    [006] ..... 375856684018: suspend_resume: machine_suspend[1] begin
          <idle>-0       [003] d..2. 375857066676: suspend_resume: timekeeping_freeze[3] begin
          <idle>-0       [002] dN.2. 375858351955: suspend_resume: timekeeping_freeze[2] end
          <idle>-0       [002] d..2. 375858424167: suspend_resume: timekeeping_freeze[2] begin
          <idle>-0       [000] dN.2. 380451798847: suspend_resume: timekeeping_freeze[0] end
            bash-6654    [006] ..... 380452398968: suspend_resume: machine_suspend[1] end
            bash-6654    [006] ..... 380461798731: suspend_resume: dpm_resume_noirq[16] begin
            bash-6654    [016] ..... 382049891961: suspend_resume: dpm_resume_noirq[16] end
            bash-6654    [016] ..... 382050671238: suspend_resume: dpm_resume_early[16] begin
            bash-6654    [002] ..... 382057958382: suspend_resume: dpm_resume_early[16] end
            bash-6654    [002] ..... 382057967139: suspend_resume: dpm_resume[16] begin
            bash-6654    [010] .l... 384766283378: suspend_resume: dpm_resume[16] end
            bash-6654    [010] .l... 384766291922: suspend_resume: dpm_complete[16] begin
            bash-6654    [007] ..... 384796096935: suspend_resume: dpm_complete[16] end
            bash-6654    [007] ..... 384796116374: suspend_resume: console_resume_all[1] begin
            bash-6654    [007] ..... 384796252019: suspend_resume: console_resume_all[1] end
            bash-6654    [007] ..... 384796255396: suspend_resume: thaw_processes[0] begin
            bash-6654    [000] ..... 384807538708: suspend_resume: thaw_processes[0] end
            bash-6654    [021] ...1. 392114182088: tracing_mark_write: cycle test 5
            bash-6654    [028] ..... 392167181074: suspend_resume: suspend_enter[1] begin
            bash-6654    [028] ..... 392167185628: suspend_resume: sync_filesystems[0] begin
            bash-6654    [028] ..... 392220368842: suspend_resume: sync_filesystems[0] end
            bash-6654    [029] ..... 392461664032: suspend_resume: freeze_processes[0] begin
            bash-6654    [029] ..... 392473779266: suspend_resume: freeze_processes[0] end
            bash-6654    [029] ..... 392473780987: suspend_resume: suspend_enter[1] end
            bash-6654    [028] ..... 392473912307: suspend_resume: dpm_prepare[2] begin
            bash-6654    [028] ..... 392600821916: suspend_resume: dpm_prepare[2] end
            bash-6654    [028] ..... 392600861037: suspend_resume: dpm_suspend[2] begin
            bash-6654    [028] ..... 393341451023: suspend_resume: dpm_suspend[2] end
            bash-6654    [028] ..... 393341481991: suspend_resume: dpm_suspend_late[2] begin
            bash-6654    [000] ..... 396038493909: suspend_resume: dpm_suspend_late[2] end
            bash-6654    [004] ..... 396040039057: suspend_resume: dpm_suspend_noirq[2] begin
            bash-6654    [017] ..... 398777419940: suspend_resume: dpm_suspend_noirq[2] end
            bash-6654    [004] ..... 398793906870: suspend_resume: dpm_resume_noirq[16] begin
            bash-6654    [006] ..... 400229204159: suspend_resume: dpm_resume_noirq[16] end
            bash-6654    [006] ..... 400229832182: suspend_resume: dpm_resume_early[16] begin
            bash-6654    [006] ..... 400236621271: suspend_resume: dpm_resume_early[16] end
            bash-6654    [006] ..... 400236625283: suspend_resume: dpm_resume[16] begin
            bash-6654    [007] .l... 402946821370: suspend_resume: dpm_resume[16] end
            bash-6654    [007] .l... 402946829111: suspend_resume: dpm_complete[16] begin
            bash-6654    [002] ..... 402976865751: suspend_resume: dpm_complete[16] end
            bash-6654    [002] ..... 402976888626: suspend_resume: console_resume_all[1] begin
            bash-6654    [002] ..... 402977380981: suspend_resume: console_resume_all[1] end
            bash-6654    [002] ..... 402977386580: suspend_resume: thaw_processes[0] begin
            bash-6654    [025] ..... 402986420653: suspend_resume: thaw_processes[0] end
            bash-6654    [017] ...1. 407111797414: tracing_mark_write: cycle test 6
            bash-6654    [012] ..... 407163761880: suspend_resume: suspend_enter[1] begin
            bash-6654    [012] ..... 407163766485: suspend_resume: sync_filesystems[0] begin
            bash-6654    [014] ..... 407253241361: suspend_resume: sync_filesystems[0] end
            bash-6654    [014] ..... 407259731530: suspend_resume: freeze_processes[0] begin
            bash-6654    [014] ..... 407270775062: suspend_resume: freeze_processes[0] end
            bash-6654    [014] ..... 407270776438: suspend_resume: suspend_enter[1] end
            bash-6654    [014] ..... 407270862752: suspend_resume: dpm_prepare[2] begin
            bash-6654    [014] ..... 407379272619: suspend_resume: dpm_prepare[2] end
            bash-6654    [014] ..... 407379300920: suspend_resume: dpm_suspend[2] begin
            bash-6654    [006] ..... 411048916633: suspend_resume: dpm_suspend[2] end
            bash-6654    [006] ..... 411048941993: suspend_resume: dpm_suspend_late[2] begin
            bash-6654    [017] ..... 413744768446: suspend_resume: dpm_suspend_late[2] end
            bash-6654    [002] ..... 413746592806: suspend_resume: dpm_suspend_noirq[2] begin
            bash-6654    [012] ..... 416500563281: suspend_resume: dpm_suspend_noirq[2] end
            bash-6654    [006] ..... 416512167275: suspend_resume: machine_suspend[1] begin
          <idle>-0       [027] d..2. 416512545863: suspend_resume: timekeeping_freeze[27] begin
          <idle>-0       [000] dN.2. 416513582993: suspend_resume: timekeeping_freeze[0] end
            bash-6654    [006] ..... 416513883080: suspend_resume: machine_suspend[1] end
            bash-6654    [006] ..... 416514345516: suspend_resume: machine_suspend[1] begin
          <idle>-0       [014] d..2. 416514683026: suspend_resume: timekeeping_freeze[14] begin
          <idle>-0       [012] dN.2. 416515643851: suspend_resume: timekeeping_freeze[12] end
          <idle>-0       [012] d..2. 416515675450: suspend_resume: timekeeping_freeze[12] begin
          <idle>-0       [012] dN.2. 416516573113: suspend_resume: timekeeping_freeze[12] end
          <idle>-0       [012] d..2. 416516600597: suspend_resume: timekeeping_freeze[12] begin
          <idle>-0       [000] dN.2. 416721267618: suspend_resume: timekeeping_freeze[0] end
            bash-6654    [006] ..... 416721668847: suspend_resume: machine_suspend[1] end
            bash-6654    [006] ..... 416740858612: suspend_resume: machine_suspend[1] begin
            bash-6654    [006] ..... 416741459232: suspend_resume: machine_suspend[1] end
            bash-6654    [006] ..... 416741976744: suspend_resume: machine_suspend[1] begin
          <idle>-0       [031] d..2. 416742269027: suspend_resume: timekeeping_freeze[31] begin
          <idle>-0       [000] dN.2. 419158410569: suspend_resume: timekeeping_freeze[0] end
            bash-6654    [006] ..... 419158941212: suspend_resume: machine_suspend[1] end
            bash-6654    [006] ..... 419169458267: suspend_resume: dpm_resume_noirq[16] begin
            bash-6654    [012] ..... 420749826723: suspend_resume: dpm_resume_noirq[16] end
            bash-6654    [012] ..... 420750510366: suspend_resume: dpm_resume_early[16] begin
            bash-6654    [016] ..... 420758461048: suspend_resume: dpm_resume_early[16] end
            bash-6654    [016] ..... 420758465958: suspend_resume: dpm_resume[16] begin
            bash-6654    [029] .l... 423462673382: suspend_resume: dpm_resume[16] end
            bash-6654    [029] .l... 423462684464: suspend_resume: dpm_complete[16] begin
            bash-6654    [029] ..... 423492503628: suspend_resume: dpm_complete[16] end
            bash-6654    [029] ..... 423492548575: suspend_resume: console_resume_all[1] begin
            bash-6654    [029] ..... 423492843444: suspend_resume: console_resume_all[1] end
            bash-6654    [029] ..... 423492848518: suspend_resume: thaw_processes[0] begin
            bash-6654    [002] ..... 423502903776: suspend_resume: thaw_processes[0] end
            bash-6654    [027] ...1. 429853098324: tracing_mark_write: cycle test 7
            bash-6654    [017] ..... 429903204529: suspend_resume: suspend_enter[1] begin
            bash-6654    [017] ..... 429903209065: suspend_resume: sync_filesystems[0] begin
            bash-6654    [017] ..... 429934714219: suspend_resume: sync_filesystems[0] end
            bash-6654    [017] ..... 430179166882: suspend_resume: freeze_processes[0] begin
            bash-6654    [017] ..... 430190775674: suspend_resume: freeze_processes[0] end
            bash-6654    [017] ..... 430190777639: suspend_resume: suspend_enter[1] end
            bash-6654    [017] ..... 430190909462: suspend_resume: dpm_prepare[2] begin
            bash-6654    [017] ..... 430316540320: suspend_resume: dpm_prepare[2] end
            bash-6654    [017] ..... 430316579494: suspend_resume: dpm_suspend[2] begin
            bash-6654    [013] ..... 431082846012: suspend_resume: dpm_suspend[2] end
            bash-6654    [013] ..... 431082868751: suspend_resume: dpm_suspend_late[2] begin
            bash-6654    [013] ..... 433776357498: suspend_resume: dpm_suspend_late[2] end
            bash-6654    [004] ..... 433777911274: suspend_resume: dpm_suspend_noirq[2] begin
            bash-6654    [019] ..... 436529033138: suspend_resume: dpm_suspend_noirq[2] end
            bash-6654    [006] ..... 436539872553: suspend_resume: machine_suspend[1] begin
          <idle>-0       [031] d..2. 436540219694: suspend_resume: timekeeping_freeze[31] begin
          <idle>-0       [000] dN.2. 443350029012: suspend_resume: timekeeping_freeze[0] end
            bash-6654    [006] ..... 443350575641: suspend_resume: machine_suspend[1] end
            bash-6654    [006] .l... 443359829368: suspend_resume: dpm_resume_noirq[16] begin
            bash-6654    [016] ..... 444815823307: suspend_resume: dpm_resume_noirq[16] end
            bash-6654    [016] ..... 444816570280: suspend_resume: dpm_resume_early[16] begin
            bash-6654    [006] ..... 444824116318: suspend_resume: dpm_resume_early[16] end
            bash-6654    [006] ..... 444824125337: suspend_resume: dpm_resume[16] begin
            bash-6654    [007] ..... 447538613068: suspend_resume: dpm_resume[16] end
            bash-6654    [007] ..... 447538626960: suspend_resume: dpm_complete[16] begin
            bash-6654    [007] ..... 447568266227: suspend_resume: dpm_complete[16] end
            bash-6654    [007] ..... 447568279044: suspend_resume: console_resume_all[1] begin
            bash-6654    [007] ..... 447568689965: suspend_resume: console_resume_all[1] end
            bash-6654    [007] ..... 447568693635: suspend_resume: thaw_processes[0] begin
            bash-6654    [018] .n... 447581013831: suspend_resume: thaw_processes[0] end
            bash-6654    [006] ...1. 452820193278: tracing_mark_write: cycle test 8
            bash-6654    [027] ..... 452874835530: suspend_resume: suspend_enter[1] begin
            bash-6654    [027] ..... 452874839256: suspend_resume: sync_filesystems[0] begin
            bash-6654    [027] ..... 452912626930: suspend_resume: sync_filesystems[0] end
            bash-6654    [027] ..... 452925013876: suspend_resume: freeze_processes[0] begin
            bash-6654    [027] ..... 452937399131: suspend_resume: freeze_processes[0] end
            bash-6654    [027] ..... 452937400820: suspend_resume: suspend_enter[1] end
            bash-6654    [027] ..... 452937533228: suspend_resume: dpm_prepare[2] begin
            bash-6654    [027] ..... 453065475420: suspend_resume: dpm_prepare[2] end
            bash-6654    [027] ..... 453065515334: suspend_resume: dpm_suspend[2] begin
            bash-6654    [002] ..... 453819233912: suspend_resume: dpm_suspend[2] end
            bash-6654    [002] ..... 453819255068: suspend_resume: dpm_suspend_late[2] begin
            bash-6654    [002] ..... 456513545608: suspend_resume: dpm_suspend_late[2] end
            bash-6654    [004] ..... 456515009553: suspend_resume: dpm_suspend_noirq[2] begin
            bash-6654    [000] ..... 459264391241: suspend_resume: dpm_suspend_noirq[2] end
            bash-6654    [004] ..... 459273959786: suspend_resume: machine_suspend[1] begin
          <idle>-0       [031] d..2. 459274325638: suspend_resume: timekeeping_freeze[31] begin
          <idle>-0       [006] dN.2. 459275426046: suspend_resume: timekeeping_freeze[6] end
          <idle>-0       [006] d..2. 459275461690: suspend_resume: timekeeping_freeze[6] begin
          <idle>-0       [000] dN.2. 459347177023: suspend_resume: timekeeping_freeze[0] end
            bash-6654    [004] ..... 459347514095: suspend_resume: machine_suspend[1] end
            bash-6654    [004] ..... 459349143704: suspend_resume: machine_suspend[1] begin
            bash-6654    [004] ..... 459349863729: suspend_resume: machine_suspend[1] end
            bash-6654    [004] ..... 459350421720: suspend_resume: machine_suspend[1] begin
          <idle>-0       [031] d..2. 459350735048: suspend_resume: timekeeping_freeze[31] begin
          <idle>-0       [000] dN.2. 460284130768: suspend_resume: timekeeping_freeze[0] end
            bash-6654    [004] ..... 460284744907: suspend_resume: machine_suspend[1] end
            bash-6654    [004] ..... 460293860700: suspend_resume: dpm_resume_noirq[16] begin
            bash-6654    [008] ..... 461733099748: suspend_resume: dpm_resume_noirq[16] end
            bash-6654    [008] ..... 461733857089: suspend_resume: dpm_resume_early[16] begin
            bash-6654    [006] ..... 461740188022: suspend_resume: dpm_resume_early[16] end
            bash-6654    [006] ..... 461740192101: suspend_resume: dpm_resume[16] begin
            bash-6654    [006] ..... 464446157586: suspend_resume: dpm_resume[16] end
            bash-6654    [006] ..... 464446172842: suspend_resume: dpm_complete[16] begin
            bash-6654    [006] ..... 464475538364: suspend_resume: dpm_complete[16] end
            bash-6654    [006] ..... 464475549905: suspend_resume: console_resume_all[1] begin
            bash-6654    [006] ..... 464475717294: suspend_resume: console_resume_all[1] end
            bash-6654    [006] ..... 464475720675: suspend_resume: thaw_processes[0] begin
            bash-6654    [020] ..... 464485315639: suspend_resume: thaw_processes[0] end
            bash-6654    [006] ...1. 471700860759: tracing_mark_write: cycle test 9
            bash-6654    [023] ..... 471759862459: suspend_resume: suspend_enter[1] begin
            bash-6654    [023] ..... 471759866072: suspend_resume: sync_filesystems[0] begin
            bash-6654    [023] ..... 471793499555: suspend_resume: sync_filesystems[0] end
            bash-6654    [023] ..... 472035673115: suspend_resume: freeze_processes[0] begin
            bash-6654    [006] ..... 472048264333: suspend_resume: freeze_processes[0] end
            bash-6654    [006] ..... 472048268219: suspend_resume: suspend_enter[1] end
            bash-6654    [011] ..... 472048406110: suspend_resume: dpm_prepare[2] begin
            bash-6654    [011] ..... 472102389625: suspend_resume: dpm_prepare[2] end
            bash-6654    [011] ..... 472102413112: suspend_resume: dpm_suspend[2] begin
            bash-6654    [006] ..... 475769248008: suspend_resume: dpm_suspend[2] end
            bash-6654    [006] ..... 475769269534: suspend_resume: dpm_suspend_late[2] begin
            bash-6654    [006] ..... 478464354397: suspend_resume: dpm_suspend_late[2] end
            bash-6654    [006] ..... 478465715603: suspend_resume: dpm_suspend_noirq[2] begin
            bash-6654    [006] ..... 481218767997: suspend_resume: dpm_suspend_noirq[2] end
            bash-6654    [006] ..... 481227649298: suspend_resume: machine_suspend[1] begin
          <idle>-0       [027] d..2. 481228066685: suspend_resume: timekeeping_freeze[27] begin
          <idle>-0       [000] dN.2. 481229240254: suspend_resume: timekeeping_freeze[0] end
          <idle>-0       [000] d..2. 481229370442: suspend_resume: timekeeping_freeze[0] begin
          <idle>-0       [002] dN.2. 481230276764: suspend_resume: timekeeping_freeze[2] end
          <idle>-0       [002] d..2. 481230334558: suspend_resume: timekeeping_freeze[2] begin
          <idle>-0       [000] dN.2. 481277992324: suspend_resume: timekeeping_freeze[0] end
            bash-6654    [006] ..... 481278361900: suspend_resume: machine_suspend[1] end
            bash-6654    [006] ..... 481279833166: suspend_resume: machine_suspend[1] begin
            bash-6654    [006] ..... 481280403667: suspend_resume: machine_suspend[1] end
            bash-6654    [006] ..... 481280905531: suspend_resume: machine_suspend[1] begin
          <idle>-0       [031] d..2. 481281292328: suspend_resume: timekeeping_freeze[31] begin
          <idle>-0       [004] dN.2. 481282249370: suspend_resume: timekeeping_freeze[4] end
          <idle>-0       [004] d..2. 481282294155: suspend_resume: timekeeping_freeze[4] begin
          <idle>-0       [000] dN.2. 481283278036: suspend_resume: timekeeping_freeze[0] end
          <idle>-0       [000] d..2. 481283334505: suspend_resume: timekeeping_freeze[0] begin
          <idle>-0       [002] dN.2. 481284276056: suspend_resume: timekeeping_freeze[2] end
          <idle>-0       [002] d..2. 481284314567: suspend_resume: timekeeping_freeze[2] begin
          <idle>-0       [002] dN.2. 481285249686: suspend_resume: timekeeping_freeze[2] end
          <idle>-0       [002] d..2. 481285268501: suspend_resume: timekeeping_freeze[2] begin
          <idle>-0       [005] dN.2. 481286269516: suspend_resume: timekeeping_freeze[5] end
          <idle>-0       [005] d..2. 481286324170: suspend_resume: timekeeping_freeze[5] begin
          <idle>-0       [003] dN.2. 481287368315: suspend_resume: timekeeping_freeze[3] end
          <idle>-0       [003] d..2. 481287428594: suspend_resume: timekeeping_freeze[3] begin
          <idle>-0       [007] dN.2. 481288467830: suspend_resume: timekeeping_freeze[7] end
          <idle>-0       [007] d..2. 481288518724: suspend_resume: timekeeping_freeze[7] begin
          <idle>-0       [008] dN.2. 481289544766: suspend_resume: timekeeping_freeze[8] end
          <idle>-0       [008] d..2. 481289608301: suspend_resume: timekeeping_freeze[8] begin
          <idle>-0       [010] dN.2. 481290677250: suspend_resume: timekeeping_freeze[10] end
          <idle>-0       [010] d..2. 481290734800: suspend_resume: timekeeping_freeze[10] begin
          <idle>-0       [009] dN.2. 481291781150: suspend_resume: timekeeping_freeze[9] end
          <idle>-0       [009] d..2. 481291839795: suspend_resume: timekeeping_freeze[9] begin
          <idle>-0       [011] dN.2. 481292927350: suspend_resume: timekeeping_freeze[11] end
          <idle>-0       [011] d..2. 481292996550: suspend_resume: timekeeping_freeze[11] begin
          <idle>-0       [012] dN.2. 481294084227: suspend_resume: timekeeping_freeze[12] end
          <idle>-0       [012] d..2. 481294136995: suspend_resume: timekeeping_freeze[12] begin
          <idle>-0       [014] dN.2. 481295079259: suspend_resume: timekeeping_freeze[14] end
          <idle>-0       [014] d..2. 481295126168: suspend_resume: timekeeping_freeze[14] begin
          <idle>-0       [013] dN.2. 481296119572: suspend_resume: timekeeping_freeze[13] end
          <idle>-0       [013] d..2. 481296172500: suspend_resume: timekeeping_freeze[13] begin
          <idle>-0       [015] dN.2. 481297230882: suspend_resume: timekeeping_freeze[15] end
          <idle>-0       [015] d..2. 481297284135: suspend_resume: timekeeping_freeze[15] begin
          <idle>-0       [016] dN.2. 481298350137: suspend_resume: timekeeping_freeze[16] end
          <idle>-0       [016] d..2. 481298404256: suspend_resume: timekeeping_freeze[16] begin
          <idle>-0       [017] dN.2. 481299416652: suspend_resume: timekeeping_freeze[17] end
          <idle>-0       [017] d..2. 481299455072: suspend_resume: timekeeping_freeze[17] begin
          <idle>-0       [018] dN.2. 481300480490: suspend_resume: timekeeping_freeze[18] end
          <idle>-0       [018] d..2. 481300519522: suspend_resume: timekeeping_freeze[18] begin
          <idle>-0       [019] dN.2. 481301548305: suspend_resume: timekeeping_freeze[19] end
          <idle>-0       [019] d..2. 481301586687: suspend_resume: timekeeping_freeze[19] begin
          <idle>-0       [020] dN.2. 481302536040: suspend_resume: timekeeping_freeze[20] end
          <idle>-0       [020] d..2. 481302587155: suspend_resume: timekeeping_freeze[20] begin
          <idle>-0       [021] dN.2. 481303522829: suspend_resume: timekeeping_freeze[21] end
          <idle>-0       [021] d..2. 481303559765: suspend_resume: timekeeping_freeze[21] begin
          <idle>-0       [022] dN.2. 481304509295: suspend_resume: timekeeping_freeze[22] end
          <idle>-0       [022] d..2. 481304546748: suspend_resume: timekeeping_freeze[22] begin
          <idle>-0       [023] dN.2. 481305486226: suspend_resume: timekeeping_freeze[23] end
          <idle>-0       [023] d..2. 481305523516: suspend_resume: timekeeping_freeze[23] begin
          <idle>-0       [024] dN.2. 481306512189: suspend_resume: timekeeping_freeze[24] end
          <idle>-0       [024] d..2. 481306569533: suspend_resume: timekeeping_freeze[24] begin
          <idle>-0       [025] dN.2. 481307562962: suspend_resume: timekeeping_freeze[25] end
          <idle>-0       [025] d..2. 481307601768: suspend_resume: timekeeping_freeze[25] begin
          <idle>-0       [026] dN.2. 481308560775: suspend_resume: timekeeping_freeze[26] end
          <idle>-0       [026] d..2. 481308599213: suspend_resume: timekeeping_freeze[26] begin
          <idle>-0       [027] dN.2. 481309582781: suspend_resume: timekeeping_freeze[27] end
          <idle>-0       [027] d..2. 481309623741: suspend_resume: timekeeping_freeze[27] begin
          <idle>-0       [028] dN.2. 481310596628: suspend_resume: timekeeping_freeze[28] end
          <idle>-0       [028] d..2. 481310653860: suspend_resume: timekeeping_freeze[28] begin
          <idle>-0       [029] dN.2. 481311664057: suspend_resume: timekeeping_freeze[29] end
          <idle>-0       [029] d..2. 481311703237: suspend_resume: timekeeping_freeze[29] begin
          <idle>-0       [030] dN.2. 481312707113: suspend_resume: timekeeping_freeze[30] end
          <idle>-0       [030] d..2. 481312745966: suspend_resume: timekeeping_freeze[30] begin
          <idle>-0       [031] dN.2. 481313729609: suspend_resume: timekeeping_freeze[31] end
          <idle>-0       [031] d..2. 481313768350: suspend_resume: timekeeping_freeze[31] begin
          <idle>-0       [000] dN.2. 484475555219: suspend_resume: timekeeping_freeze[0] end
            bash-6654    [006] ..... 484476694271: suspend_resume: machine_suspend[1] end
            bash-6654    [006] ..... 484486124682: suspend_resume: dpm_resume_noirq[16] begin
            bash-6654    [010] ..... 486068322830: suspend_resume: dpm_resume_noirq[16] end
            bash-6654    [010] ..... 486068931756: suspend_resume: dpm_resume_early[16] begin
            bash-6654    [004] ..... 486075618505: suspend_resume: dpm_resume_early[16] end
            bash-6654    [004] ..... 486075623152: suspend_resume: dpm_resume[16] begin
            bash-6654    [004] .l... 488790932763: suspend_resume: dpm_resume[16] end
            bash-6654    [004] .l... 488790941205: suspend_resume: dpm_complete[16] begin
            bash-6654    [004] ..... 488820654214: suspend_resume: dpm_complete[16] end
            bash-6654    [004] ..... 488820723652: suspend_resume: console_resume_all[1] begin
            bash-6654    [004] ..... 488821228930: suspend_resume: console_resume_all[1] end
            bash-6654    [004] ..... 488821232341: suspend_resume: thaw_processes[0] begin
            bash-6654    [005] ..... 488831128214: suspend_resume: thaw_processes[0] end
            bash-6654    [008] ...1. 496376222560: tracing_mark_write: cycle test 10
            bash-6654    [022] ..... 496432239440: suspend_resume: suspend_enter[1] begin
            bash-6654    [022] ..... 496432242986: suspend_resume: sync_filesystems[0] begin
            bash-6654    [022] ..... 496466584687: suspend_resume: sync_filesystems[0] end
            bash-6654    [022] ..... 496705873829: suspend_resume: freeze_processes[0] begin
            bash-6654    [018] ..... 496718340143: suspend_resume: freeze_processes[0] end
            bash-6654    [018] ..... 496718346388: suspend_resume: suspend_enter[1] end
            bash-6654    [018] ..... 496718468118: suspend_resume: dpm_prepare[2] begin
            bash-6654    [018] ..... 496843176287: suspend_resume: dpm_prepare[2] end
            bash-6654    [018] ..... 496843216532: suspend_resume: dpm_suspend[2] begin
            bash-6654    [012] ..... 497576049352: suspend_resume: dpm_suspend[2] end
            bash-6654    [012] ..... 497576076525: suspend_resume: dpm_suspend_late[2] begin
            bash-6654    [012] ..... 500272067950: suspend_resume: dpm_suspend_late[2] end
            bash-6654    [012] ..... 500273612084: suspend_resume: dpm_suspend_noirq[2] begin
            bash-6654    [012] ..... 503024708152: suspend_resume: dpm_suspend_noirq[2] end
            bash-6654    [006] ..... 503042835192: suspend_resume: dpm_resume_noirq[16] begin
            bash-6654    [009] ..... 504478309090: suspend_resume: dpm_resume_noirq[16] end
            bash-6654    [006] ..... 504479383968: suspend_resume: dpm_resume_early[16] begin
            bash-6654    [006] ..... 504486102406: suspend_resume: dpm_resume_early[16] end
            bash-6654    [006] ..... 504486106659: suspend_resume: dpm_resume[16] begin
            bash-6654    [019] ..... 507193016702: suspend_resume: dpm_resume[16] end
            bash-6654    [019] ..... 507193025433: suspend_resume: dpm_complete[16] begin
            bash-6654    [019] ..... 507222789608: suspend_resume: dpm_complete[16] end
            bash-6654    [019] ..... 507222806334: suspend_resume: console_resume_all[1] begin
            bash-6654    [019] ..... 507223283445: suspend_resume: console_resume_all[1] end
            bash-6654    [019] ..... 507223288395: suspend_resume: thaw_processes[0] begin
            bash-6654    [020] ..... 507232609298: suspend_resume: thaw_processes[0] end
            bash-6654    [014] ...1. 511865960005: tracing_mark_write: cycle test 11
            bash-6654    [026] ..... 511921326155: suspend_resume: suspend_enter[1] begin
            bash-6654    [026] ..... 511921329299: suspend_resume: sync_filesystems[0] begin
            bash-6654    [026] ..... 512018648578: suspend_resume: sync_filesystems[0] end
            bash-6654    [004] ..... 512030498633: suspend_resume: freeze_processes[0] begin
            bash-6654    [018] ..... 512042772223: suspend_resume: freeze_processes[0] end
            bash-6654    [018] ..... 512042775535: suspend_resume: suspend_enter[1] end
            bash-6654    [019] ..... 512042928416: suspend_resume: dpm_prepare[2] begin
            bash-6654    [019] ..... 512146637057: suspend_resume: dpm_prepare[2] end
            bash-6654    [019] ..... 512146669890: suspend_resume: dpm_suspend[2] begin
            bash-6654    [000] ..... 512888504479: suspend_resume: dpm_suspend[2] end
            bash-6654    [000] ..... 512888524816: suspend_resume: dpm_suspend_late[2] begin
            bash-6654    [004] ..... 515581741615: suspend_resume: dpm_suspend_late[2] end
            bash-6654    [004] .l... 515582997364: suspend_resume: dpm_suspend_noirq[2] begin
            bash-6654    [004] ..... 518334764385: suspend_resume: dpm_suspend_noirq[2] end
            bash-6654    [004] ..... 518359677934: suspend_resume: machine_suspend[1] begin
            bash-6654    [004] ..... 518360414717: suspend_resume: machine_suspend[1] end
            bash-6654    [004] ..... 518360883502: suspend_resume: machine_suspend[1] begin
          <idle>-0       [027] d..2. 518361155397: suspend_resume: timekeeping_freeze[27] begin
          <idle>-0       [002] dN.2. 518362457954: suspend_resume: timekeeping_freeze[2] end
          <idle>-0       [002] d..2. 518362502491: suspend_resume: timekeeping_freeze[2] begin
          <idle>-0       [002] dN.2. 518363542074: suspend_resume: timekeeping_freeze[2] end
          <idle>-0       [002] d..2. 518363589466: suspend_resume: timekeeping_freeze[2] begin
          <idle>-0       [000] dN.2. 518364712657: suspend_resume: timekeeping_freeze[0] end
          <idle>-0       [000] d..2. 518364809197: suspend_resume: timekeeping_freeze[0] begin
          <idle>-0       [000] dN.2. 523182248682: suspend_resume: timekeeping_freeze[0] end
            bash-6654    [004] ..... 523182689158: suspend_resume: machine_suspend[1] end
            bash-6654    [004] ..... 523194491777: suspend_resume: dpm_resume_noirq[16] begin
            bash-6654    [016] ..... 524783017193: suspend_resume: dpm_resume_noirq[16] end
            bash-6654    [016] ..... 524783797148: suspend_resume: dpm_resume_early[16] begin
            bash-6654    [016] ..... 524790792828: suspend_resume: dpm_resume_early[16] end
            bash-6654    [016] ..... 524790801640: suspend_resume: dpm_resume[16] begin
            bash-6654    [028] .l... 527504712569: suspend_resume: dpm_resume[16] end
            bash-6654    [028] .l... 527504724456: suspend_resume: dpm_complete[16] begin
            bash-6654    [028] ..... 527534516388: suspend_resume: dpm_complete[16] end
            bash-6654    [028] ..... 527534545313: suspend_resume: console_resume_all[1] begin
            bash-6654    [006] ..... 527534888007: suspend_resume: console_resume_all[1] end
            bash-6654    [006] ..... 527534898634: suspend_resume: thaw_processes[0] begin
            bash-6654    [007] ..... 527544056782: suspend_resume: thaw_processes[0] end
            bash-6654    [008] ...1. 533145586796: tracing_mark_write: cycle test 12
            bash-6654    [020] ..... 533201543625: suspend_resume: suspend_enter[1] begin
            bash-6654    [020] ..... 533201547108: suspend_resume: sync_filesystems[0] begin
            bash-6654    [020] ..... 533228715946: suspend_resume: sync_filesystems[0] end
            bash-6654    [020] ..... 533239414260: suspend_resume: freeze_processes[0] begin
            bash-6654    [019] ..... 533251035679: suspend_resume: freeze_processes[0] end
            bash-6654    [019] ..... 533251041585: suspend_resume: suspend_enter[1] end
            bash-6654    [006] ..... 533251330386: suspend_resume: dpm_prepare[2] begin
            bash-6654    [006] ..... 533388961233: suspend_resume: dpm_prepare[2] end
            bash-6654    [006] ..... 533388992389: suspend_resume: dpm_suspend[2] begin
            bash-6654    [004] ..... 537060592441: suspend_resume: dpm_suspend[2] end
            bash-6654    [004] ..... 537060620106: suspend_resume: dpm_suspend_late[2] begin
            bash-6654    [012] ..... 539756599041: suspend_resume: dpm_suspend_late[2] end
            bash-6654    [004] ..... 539758172305: suspend_resume: dpm_suspend_noirq[2] begin
            bash-6654    [004] ..... 542505605986: suspend_resume: dpm_suspend_noirq[2] end
            bash-6654    [004] ..... 542522018678: suspend_resume: dpm_resume_noirq[16] begin
            bash-6654    [008] ..... 543961229365: suspend_resume: dpm_resume_noirq[16] end
            bash-6654    [008] ..... 543961880100: suspend_resume: dpm_resume_early[16] begin
            bash-6654    [006] ..... 543968575772: suspend_resume: dpm_resume_early[16] end
            bash-6654    [006] ..... 543968580471: suspend_resume: dpm_resume[16] begin
            bash-6654    [004] ..... 546685371982: suspend_resume: dpm_resume[16] end
            bash-6654    [004] ..... 546685381570: suspend_resume: dpm_complete[16] begin
            bash-6654    [004] ..... 546715271593: suspend_resume: dpm_complete[16] end
            bash-6654    [004] ..... 546715293195: suspend_resume: console_resume_all[1] begin
            bash-6654    [008] ..... 546715827893: suspend_resume: console_resume_all[1] end
            bash-6654    [008] ..... 546715832957: suspend_resume: thaw_processes[0] begin
            bash-6654    [006] ..... 546723732342: suspend_resume: thaw_processes[0] end
            bash-6654    [008] ...1. 549848341040: tracing_mark_write: cycle test 13
            bash-6654    [017] ..... 549907617919: suspend_resume: suspend_enter[1] begin
            bash-6654    [017] ..... 549907623039: suspend_resume: sync_filesystems[0] begin
            bash-6654    [017] ..... 549968258923: suspend_resume: sync_filesystems[0] end
            bash-6654    [017] ..... 550015739133: suspend_resume: freeze_processes[0] begin
            bash-6654    [004] ..... 550027898201: suspend_resume: freeze_processes[0] end
            bash-6654    [004] ..... 550027902737: suspend_resume: suspend_enter[1] end
            bash-6654    [004] ..... 550028000554: suspend_resume: dpm_prepare[2] begin
            bash-6654    [004] ..... 550134222990: suspend_resume: dpm_prepare[2] end
            bash-6654    [004] ..... 550134252608: suspend_resume: dpm_suspend[2] begin
            bash-6654    [002] ..... 550864241047: suspend_resume: dpm_suspend[2] end
            bash-6654    [002] ..... 550864267023: suspend_resume: dpm_suspend_late[2] begin
            bash-6654    [002] ..... 553557670471: suspend_resume: dpm_suspend_late[2] end
            bash-6654    [004] ..... 553559327033: suspend_resume: dpm_suspend_noirq[2] begin
            bash-6654    [019] ..... 556306281193: suspend_resume: dpm_suspend_noirq[2] end
            bash-6654    [006] ..... 556333348955: suspend_resume: machine_suspend[1] begin
          <idle>-0       [031] d..2. 556333751295: suspend_resume: timekeeping_freeze[31] begin
          <idle>-0       [000] dN.2. 556335031401: suspend_resume: timekeeping_freeze[0] end
            bash-6654    [006] ..... 556335364545: suspend_resume: machine_suspend[1] end
            bash-6654    [006] ..... 556335888386: suspend_resume: machine_suspend[1] begin
          <idle>-0       [029] d..2. 556336235360: suspend_resume: timekeeping_freeze[29] begin
          <idle>-0       [000] dN.2. 556337339851: suspend_resume: timekeeping_freeze[0] end
          <idle>-0       [000] d..2. 556337416493: suspend_resume: timekeeping_freeze[0] begin
          <idle>-0       [000] dN.2. 559526294868: suspend_resume: timekeeping_freeze[0] end
            bash-6654    [006] ..... 559526645841: suspend_resume: machine_suspend[1] end
            bash-6654    [006] ..... 559545337206: suspend_resume: machine_suspend[1] begin
            bash-6654    [006] ..... 559545965360: suspend_resume: machine_suspend[1] end
            bash-6654    [006] ..... 559546659076: suspend_resume: machine_suspend[1] begin
          <idle>-0       [000] d..2. 559547066115: suspend_resume: timekeeping_freeze[0] begin
          <idle>-0       [014] dN.2. 559548199763: suspend_resume: timekeeping_freeze[14] end
          <idle>-0       [014] d..2. 559548250072: suspend_resume: timekeeping_freeze[14] begin
          <idle>-0       [000] dN.2. 561889051866: suspend_resume: timekeeping_freeze[0] end
            bash-6654    [006] ..... 561889609975: suspend_resume: machine_suspend[1] end
            bash-6654    [006] ..... 561901096954: suspend_resume: dpm_resume_noirq[16] begin
            bash-6654    [008] ..... 563481318542: suspend_resume: dpm_resume_noirq[16] end
            bash-6654    [008] ..... 563481961105: suspend_resume: dpm_resume_early[16] begin
            bash-6654    [008] ..... 563488314733: suspend_resume: dpm_resume_early[16] end
            bash-6654    [008] ..... 563488319606: suspend_resume: dpm_resume[16] begin
            bash-6654    [008] ..... 566194720718: suspend_resume: dpm_resume[16] end
            bash-6654    [008] ..... 566194730369: suspend_resume: dpm_complete[16] begin
            bash-6654    [014] ..... 566224611358: suspend_resume: dpm_complete[16] end
            bash-6654    [014] ..... 566224650412: suspend_resume: console_resume_all[1] begin
            bash-6654    [014] ..... 566224984936: suspend_resume: console_resume_all[1] end
            bash-6654    [014] ..... 566224988734: suspend_resume: thaw_processes[0] begin
            bash-6654    [005] ..... 566233840555: suspend_resume: thaw_processes[0] end
            bash-6654    [010] ...1. 571857704891: tracing_mark_write: cycle test 14
            bash-6654    [021] ..... 571913610737: suspend_resume: suspend_enter[1] begin
            bash-6654    [021] ..... 571913613954: suspend_resume: sync_filesystems[0] begin
            bash-6654    [021] ..... 571937212667: suspend_resume: sync_filesystems[0] end
            bash-6654    [021] ..... 571943942696: suspend_resume: freeze_processes[0] begin
            bash-6654    [024] ..... 571955960280: suspend_resume: freeze_processes[0] end
            bash-6654    [024] ..... 571955964442: suspend_resume: suspend_enter[1] end
            bash-6654    [024] ..... 571956068959: suspend_resume: dpm_prepare[2] begin
            bash-6654    [000] ..... 572100228870: suspend_resume: dpm_prepare[2] end
            bash-6654    [000] ..... 572100260887: suspend_resume: dpm_suspend[2] begin
            bash-6654    [004] ..... 572839862060: suspend_resume: dpm_suspend[2] end
            bash-6654    [004] ..... 572839883004: suspend_resume: dpm_suspend_late[2] begin
            bash-6654    [006] ..... 575535274525: suspend_resume: dpm_suspend_late[2] end
            bash-6654    [006] ..... 575536775221: suspend_resume: dpm_suspend_noirq[2] begin
            bash-6654    [006] ..... 578281453653: suspend_resume: dpm_suspend_noirq[2] end
            bash-6654    [006] ..... 578290293220: suspend_resume: machine_suspend[1] begin
          <idle>-0       [028] d..2. 578290683600: suspend_resume: timekeeping_freeze[28] begin
          <idle>-0       [006] dN.2. 578291643383: suspend_resume: timekeeping_freeze[6] end
          <idle>-0       [006] d..2. 578291694383: suspend_resume: timekeeping_freeze[6] begin
          <idle>-0       [010] dN.2. 578292670068: suspend_resume: timekeeping_freeze[10] end
          <idle>-0       [010] d..2. 578292743440: suspend_resume: timekeeping_freeze[10] begin
          <idle>-0       [000] dN.2. 578887632797: suspend_resume: timekeeping_freeze[0] end
            bash-6654    [006] ..... 578888049361: suspend_resume: machine_suspend[1] end
            bash-6654    [006] ..... 578904122039: suspend_resume: machine_suspend[1] begin
          <idle>-0       [023] d..2. 578904538498: suspend_resume: timekeeping_freeze[23] begin
          <idle>-0       [000] dN.2. 578905829755: suspend_resume: timekeeping_freeze[0] end
            bash-6654    [006] ..... 578906188804: suspend_resume: machine_suspend[1] end
            bash-6654    [006] ..... 578906724678: suspend_resume: machine_suspend[1] begin
          <idle>-0       [027] d..2. 578907034973: suspend_resume: timekeeping_freeze[27] begin
          <idle>-0       [000] dN.2. 586080645243: suspend_resume: timekeeping_freeze[0] end
            bash-6654    [006] ..... 586081181975: suspend_resume: machine_suspend[1] end
            bash-6654    [006] ..... 586094507587: suspend_resume: dpm_resume_noirq[16] begin
            bash-6654    [006] ..... 587679904863: suspend_resume: dpm_resume_noirq[16] end
            bash-6654    [006] ..... 587680657530: suspend_resume: dpm_resume_early[16] begin
            bash-6654    [006] ..... 587687539692: suspend_resume: dpm_resume_early[16] end
            bash-6654    [006] ..... 587687543897: suspend_resume: dpm_resume[16] begin
            bash-6654    [007] ..... 590413132163: suspend_resume: dpm_resume[16] end
            bash-6654    [007] ..... 590413140233: suspend_resume: dpm_complete[16] begin
            bash-6654    [007] ..... 590442943633: suspend_resume: dpm_complete[16] end
            bash-6654    [007] ..... 590442956461: suspend_resume: console_resume_all[1] begin
            bash-6654    [007] ..... 590443143837: suspend_resume: console_resume_all[1] end
            bash-6654    [007] ..... 590443147288: suspend_resume: thaw_processes[0] begin
            bash-6654    [018] ..... 590453677161: suspend_resume: thaw_processes[0] end
            bash-6654    [019] ...1. 596998067875: tracing_mark_write: cycle test 15
            bash-6654    [020] ..... 597060135650: suspend_resume: suspend_enter[1] begin
            bash-6654    [020] ..... 597060141239: suspend_resume: sync_filesystems[0] begin
            bash-6654    [020] ..... 597095796247: suspend_resume: sync_filesystems[0] end
            bash-6654    [020] ..... 597342596077: suspend_resume: freeze_processes[0] begin
            bash-6654    [020] ..... 597354560208: suspend_resume: freeze_processes[0] end
            bash-6654    [020] ..... 597354561965: suspend_resume: suspend_enter[1] end
            bash-6654    [021] ..... 597354709635: suspend_resume: dpm_prepare[2] begin
            bash-6654    [021] ..... 597480243736: suspend_resume: dpm_prepare[2] end
            bash-6654    [021] ..... 597480274708: suspend_resume: dpm_suspend[2] begin
            bash-6654    [002] ..... 601149294082: suspend_resume: dpm_suspend[2] end
            bash-6654    [002] ..... 601149319483: suspend_resume: dpm_suspend_late[2] begin
            bash-6654    [002] ..... 603846579043: suspend_resume: dpm_suspend_late[2] end
            bash-6654    [002] ..... 603847876473: suspend_resume: dpm_suspend_noirq[2] begin
            bash-6654    [010] ..... 606592348501: suspend_resume: dpm_suspend_noirq[2] end
            bash-6654    [006] ..... 606603150131: suspend_resume: machine_suspend[1] begin
          <idle>-0       [022] d..2. 606603574303: suspend_resume: timekeeping_freeze[22] begin
          <idle>-0       [000] dN.2. 606604564276: suspend_resume: timekeeping_freeze[0] end
            bash-6654    [006] ..... 606604925237: suspend_resume: machine_suspend[1] end
            bash-6654    [006] ..... 606605368056: suspend_resume: machine_suspend[1] begin
          <idle>-0       [003] d..2. 606605711902: suspend_resume: timekeeping_freeze[3] begin
          <idle>-0       [004] dN.2. 606606649608: suspend_resume: timekeeping_freeze[4] end
          <idle>-0       [004] d..2. 606606709115: suspend_resume: timekeeping_freeze[4] begin
          <idle>-0       [000] dN.2. 606607700182: suspend_resume: timekeeping_freeze[0] end
          <idle>-0       [000] d..2. 606607755163: suspend_resume: timekeeping_freeze[0] begin
          <idle>-0       [000] dN.2. 607853041212: suspend_resume: timekeeping_freeze[0] end
            bash-6654    [006] ..... 607853638438: suspend_resume: machine_suspend[1] end
            bash-6654    [006] ..... 607862645461: suspend_resume: dpm_resume_noirq[16] begin
            bash-6654    [008] ..... 609299253436: suspend_resume: dpm_resume_noirq[16] end
            bash-6654    [008] ..... 609299914535: suspend_resume: dpm_resume_early[16] begin
            bash-6654    [008] ..... 609306097920: suspend_resume: dpm_resume_early[16] end
            bash-6654    [008] ..... 609306102204: suspend_resume: dpm_resume[16] begin
            bash-6654    [002] .l... 612016712494: suspend_resume: dpm_resume[16] end
            bash-6654    [002] .l... 612016720843: suspend_resume: dpm_complete[16] begin
            bash-6654    [007] ..... 612046642024: suspend_resume: dpm_complete[16] end
            bash-6654    [007] ..... 612046665895: suspend_resume: console_resume_all[1] begin
            bash-6654    [007] ..... 612046871430: suspend_resume: console_resume_all[1] end
            bash-6654    [007] ..... 612046874948: suspend_resume: thaw_processes[0] begin
            bash-6654    [013] ..... 612055273795: suspend_resume: thaw_processes[0] end
            bash-6654    [008] ...1. 615410714417: tracing_mark_write: cycle test 16
            bash-6654    [020] ..... 615475705866: suspend_resume: suspend_enter[1] begin
            bash-6654    [020] ..... 615475710189: suspend_resume: sync_filesystems[0] begin
            bash-6654    [020] ..... 615563484959: suspend_resume: sync_filesystems[0] end
            bash-6654    [020] ..... 615579988982: suspend_resume: freeze_processes[0] begin
            bash-6654    [015] ..... 615593059554: suspend_resume: freeze_processes[0] end
            bash-6654    [015] ..... 615593064342: suspend_resume: suspend_enter[1] end
            bash-6654    [015] ..... 615593577459: suspend_resume: dpm_prepare[2] begin
            bash-6654    [015] ..... 615703926328: suspend_resume: dpm_prepare[2] end
            bash-6654    [015] ..... 615703954812: suspend_resume: dpm_suspend[2] begin
            bash-6654    [006] ..... 616433630126: suspend_resume: dpm_suspend[2] end
            bash-6654    [006] ..... 616433652509: suspend_resume: dpm_suspend_late[2] begin
            bash-6654    [006] ..... 619129370252: suspend_resume: dpm_suspend_late[2] end
            bash-6654    [006] ..... 619130801986: suspend_resume: dpm_suspend_noirq[2] begin
            bash-6654    [018] ..... 621879514937: suspend_resume: dpm_suspend_noirq[2] end
            bash-6654    [006] ..... 621890695394: suspend_resume: machine_suspend[1] begin
          <idle>-0       [022] d..2. 621891100631: suspend_resume: timekeeping_freeze[22] begin
          <idle>-0       [001] dN.2. 622368068978: suspend_resume: timekeeping_freeze[1] end
            bash-6654    [006] ..... 622368618359: suspend_resume: machine_suspend[1] end
            bash-6654    [006] ..... 622377989676: suspend_resume: dpm_resume_noirq[16] begin
            bash-6654    [001] ..... 623817286698: suspend_resume: dpm_resume_noirq[16] end
            bash-6654    [001] ..... 623818129356: suspend_resume: dpm_resume_early[16] begin
            bash-6654    [010] ..... 623825368934: suspend_resume: dpm_resume_early[16] end
            bash-6654    [010] ..... 623825372744: suspend_resume: dpm_resume[16] begin
            bash-6654    [001] ..... 626536185667: suspend_resume: dpm_resume[16] end
            bash-6654    [001] ..... 626536194688: suspend_resume: dpm_complete[16] begin
            bash-6654    [001] ..... 626565639317: suspend_resume: dpm_complete[16] end
            bash-6654    [001] ..... 626565660692: suspend_resume: console_resume_all[1] begin
            bash-6654    [010] ..... 626565989827: suspend_resume: console_resume_all[1] end
            bash-6654    [010] ..... 626565994702: suspend_resume: thaw_processes[0] begin
            bash-6654    [020] ..... 626574398364: suspend_resume: thaw_processes[0] end
            bash-6654    [010] ...1. 633064632554: tracing_mark_write: cycle test 17
            bash-6654    [022] ..... 633118464449: suspend_resume: suspend_enter[1] begin
            bash-6654    [022] ..... 633118467347: suspend_resume: sync_filesystems[0] begin
            bash-6654    [022] ..... 633162346597: suspend_resume: sync_filesystems[0] end
            bash-6654    [022] ..... 633417152829: suspend_resume: freeze_processes[0] begin
            bash-6654    [022] ..... 633429927859: suspend_resume: freeze_processes[0] end
            bash-6654    [022] ..... 633429929283: suspend_resume: suspend_enter[1] end
            bash-6654    [022] ..... 633430367048: suspend_resume: dpm_prepare[2] begin
            bash-6654    [022] ..... 633556962738: suspend_resume: dpm_prepare[2] end
            bash-6654    [022] ..... 633556994231: suspend_resume: dpm_suspend[2] begin
            bash-6654    [004] ..... 634307450007: suspend_resume: dpm_suspend[2] end
            bash-6654    [004] ..... 634307469021: suspend_resume: dpm_suspend_late[2] begin
            bash-6654    [012] ..... 636982745828: suspend_resume: dpm_suspend_late[2] end
            bash-6654    [012] ..... 636984053379: suspend_resume: dpm_suspend_noirq[2] begin
            bash-6654    [010] ..... 639730409129: suspend_resume: dpm_suspend_noirq[2] end
            bash-6654    [006] ..... 639741678256: suspend_resume: machine_suspend[1] begin
          <idle>-0       [016] d..2. 639742023068: suspend_resume: timekeeping_freeze[16] begin
          <idle>-0       [002] dN.2. 639743160392: suspend_resume: timekeeping_freeze[2] end
            bash-6654    [006] ..... 639743453576: suspend_resume: machine_suspend[1] end
            bash-6654    [006] ..... 639743959984: suspend_resume: machine_suspend[1] begin
          <idle>-0       [023] d..2. 639744314927: suspend_resume: timekeeping_freeze[23] begin
          <idle>-0       [006] dN.2. 639745265954: suspend_resume: timekeeping_freeze[6] end
          <idle>-0       [006] d..2. 639745300848: suspend_resume: timekeeping_freeze[6] begin
          <idle>-0       [000] dN.2. 646559666390: suspend_resume: timekeeping_freeze[0] end
            bash-6654    [006] ..... 646560208257: suspend_resume: machine_suspend[1] end
            bash-6654    [006] ..... 646570623515: suspend_resume: dpm_resume_noirq[16] begin
            bash-6654    [006] ..... 648015923484: suspend_resume: dpm_resume_noirq[16] end
            bash-6654    [006] ..... 648016677545: suspend_resume: dpm_resume_early[16] begin
            bash-6654    [008] ..... 648023608639: suspend_resume: dpm_resume_early[16] end
            bash-6654    [008] ..... 648023612301: suspend_resume: dpm_resume[16] begin
            bash-6654    [004] ..... 650737435892: suspend_resume: dpm_resume[16] end
            bash-6654    [004] ..... 650737451449: suspend_resume: dpm_complete[16] begin
            bash-6654    [008] ..... 650768079218: suspend_resume: dpm_complete[16] end
            bash-6654    [008] ..... 650768106507: suspend_resume: console_resume_all[1] begin
            bash-6654    [008] ..... 650768253398: suspend_resume: console_resume_all[1] end
            bash-6654    [008] ..... 650768257550: suspend_resume: thaw_processes[0] begin
            bash-6654    [005] ..... 650780895419: suspend_resume: thaw_processes[0] end
            bash-6654    [002] ...1. 656531837917: tracing_mark_write: cycle test 18
            bash-6654    [003] ..... 656592825453: suspend_resume: suspend_enter[1] begin
            bash-6654    [003] ..... 656592828508: suspend_resume: sync_filesystems[0] begin
            bash-6654    [003] ..... 656629371802: suspend_resume: sync_filesystems[0] end
            bash-6654    [003] ..... 656649707572: suspend_resume: freeze_processes[0] begin
            bash-6654    [017] ..... 656662541134: suspend_resume: freeze_processes[0] end
            bash-6654    [017] ..... 656662544372: suspend_resume: suspend_enter[1] end
            bash-6654    [017] ..... 656662663608: suspend_resume: dpm_prepare[2] begin
            bash-6654    [010] ..... 656787849159: suspend_resume: dpm_prepare[2] end
            bash-6654    [010] ..... 656787880426: suspend_resume: dpm_suspend[2] begin
            bash-6654    [008] ..... 660455780520: suspend_resume: dpm_suspend[2] end
            bash-6654    [008] ..... 660455804926: suspend_resume: dpm_suspend_late[2] begin
            bash-6654    [004] ..... 663150240419: suspend_resume: dpm_suspend_late[2] end
            bash-6654    [004] ..... 663151661309: suspend_resume: dpm_suspend_noirq[2] begin
            bash-6654    [018] ..... 665903531891: suspend_resume: dpm_suspend_noirq[2] end
            bash-6654    [008] ..... 665929536439: suspend_resume: machine_suspend[1] begin
            bash-6654    [008] ..... 665930155217: suspend_resume: machine_suspend[1] end
            bash-6654    [008] ..... 665930627174: suspend_resume: machine_suspend[1] begin
          <idle>-0       [031] d..2. 665930898929: suspend_resume: timekeeping_freeze[31] begin
          <idle>-0       [001] dN.2. 668332160458: suspend_resume: timekeeping_freeze[1] end
            bash-6654    [008] ..... 668332742836: suspend_resume: machine_suspend[1] end
            bash-6654    [008] ..... 668346801363: suspend_resume: dpm_resume_noirq[16] begin
            bash-6654    [010] ..... 669927110971: suspend_resume: dpm_resume_noirq[16] end
            bash-6654    [010] ..... 669927810137: suspend_resume: dpm_resume_early[16] begin
            bash-6654    [006] ..... 669936251881: suspend_resume: dpm_resume_early[16] end
            bash-6654    [006] ..... 669936256766: suspend_resume: dpm_resume[16] begin
            bash-6654    [006] ..... 672642397570: suspend_resume: dpm_resume[16] end
            bash-6654    [006] ..... 672642405697: suspend_resume: dpm_complete[16] begin
            bash-6654    [006] ..... 672671941064: suspend_resume: dpm_complete[16] end
            bash-6654    [006] ..... 672671953605: suspend_resume: console_resume_all[1] begin
            bash-6654    [006] ..... 672672152238: suspend_resume: console_resume_all[1] end
            bash-6654    [006] ..... 672672174252: suspend_resume: thaw_processes[0] begin
            bash-6654    [020] ..... 672681736984: suspend_resume: thaw_processes[0] end
            bash-6654    [008] ...1. 679025051839: tracing_mark_write: cycle test 19
            bash-6654    [031] ..... 679084328342: suspend_resume: suspend_enter[1] begin
            bash-6654    [031] ..... 679084332104: suspend_resume: sync_filesystems[0] begin
            bash-6654    [031] ..... 679112487379: suspend_resume: sync_filesystems[0] end
            bash-6654    [031] ..... 679381259634: suspend_resume: freeze_processes[0] begin
            bash-6654    [006] ..... 679393478930: suspend_resume: freeze_processes[0] end
            bash-6654    [006] ..... 679393484372: suspend_resume: suspend_enter[1] end
            bash-6654    [006] ..... 679393590450: suspend_resume: dpm_prepare[2] begin
            bash-6654    [006] ..... 679519328406: suspend_resume: dpm_prepare[2] end
            bash-6654    [006] ..... 679519361672: suspend_resume: dpm_suspend[2] begin
            bash-6654    [005] ..... 680272015850: suspend_resume: dpm_suspend[2] end
            bash-6654    [005] ..... 680272037510: suspend_resume: dpm_suspend_late[2] begin
            bash-6654    [005] ..... 682968194462: suspend_resume: dpm_suspend_late[2] end
            bash-6654    [005] ..... 682969665504: suspend_resume: dpm_suspend_noirq[2] begin
            bash-6654    [005] ..... 685716278235: suspend_resume: dpm_suspend_noirq[2] end
            bash-6654    [005] ..... 685746033540: suspend_resume: machine_suspend[1] begin
          <idle>-0       [025] d..2. 685746432758: suspend_resume: timekeeping_freeze[25] begin
          <idle>-0       [000] dN.2. 685747718847: suspend_resume: timekeeping_freeze[0] end
            bash-6654    [005] ..... 685748050105: suspend_resume: machine_suspend[1] end
            bash-6654    [005] ..... 685748514945: suspend_resume: machine_suspend[1] begin
          <idle>-0       [031] d..2. 685748850655: suspend_resume: timekeeping_freeze[31] begin
          <idle>-0       [000] dN.2. 685965956750: suspend_resume: timekeeping_freeze[0] end
            bash-6654    [005] ..... 685966310097: suspend_resume: machine_suspend[1] end
            bash-6654    [005] ..... 685968117118: suspend_resume: machine_suspend[1] begin
          <idle>-0       [029] d..2. 685968527950: suspend_resume: timekeeping_freeze[29] begin
          <idle>-0       [012] dN.2. 685969796444: suspend_resume: timekeeping_freeze[12] end
            bash-6654    [005] ..... 685970760039: suspend_resume: machine_suspend[1] end
            bash-6654    [005] ..... 685971330770: suspend_resume: machine_suspend[1] begin
          <idle>-0       [031] d..2. 685971684984: suspend_resume: timekeeping_freeze[31] begin
          <idle>-0       [031] dN.2. 685972918605: suspend_resume: timekeeping_freeze[31] end
          <idle>-0       [031] d..2. 685972967967: suspend_resume: timekeeping_freeze[31] begin
          <idle>-0       [000] dN.2. 690104629606: suspend_resume: timekeeping_freeze[0] end
            bash-6654    [005] ..... 690105229366: suspend_resume: machine_suspend[1] end
            bash-6654    [005] ..... 690116338549: suspend_resume: dpm_resume_noirq[16] begin
            bash-6654    [005] ..... 691703554249: suspend_resume: dpm_resume_noirq[16] end
            bash-6654    [005] ..... 691704335940: suspend_resume: dpm_resume_early[16] begin
            bash-6654    [005] ..... 691710903073: suspend_resume: dpm_resume_early[16] end
            bash-6654    [005] ..... 691710908633: suspend_resume: dpm_resume[16] begin
            bash-6654    [010] ..... 694419172108: suspend_resume: dpm_resume[16] end
            bash-6654    [010] ..... 694419182101: suspend_resume: dpm_complete[16] begin
            bash-6654    [010] ..... 694448924531: suspend_resume: dpm_complete[16] end
            bash-6654    [010] ..... 694448944904: suspend_resume: console_resume_all[1] begin
            bash-6654    [010] ..... 694449196849: suspend_resume: console_resume_all[1] end
            bash-6654    [010] ..... 694449199999: suspend_resume: thaw_processes[0] begin
            bash-6654    [023] ..... 694457937803: suspend_resume: thaw_processes[0] end
            bash-6654    [031] ...1. 700314354875: tracing_mark_write: cycle test 20
            bash-6654    [020] ..... 700378072166: suspend_resume: suspend_enter[1] begin
            bash-6654    [020] ..... 700378077657: suspend_resume: sync_filesystems[0] begin
            bash-6654    [020] ..... 700412182955: suspend_resume: sync_filesystems[0] end
            bash-6654    [020] ..... 700425657690: suspend_resume: freeze_processes[0] begin
            bash-6654    [012] ..... 700437543893: suspend_resume: freeze_processes[0] end
            bash-6654    [012] ..... 700437548559: suspend_resume: suspend_enter[1] end
            bash-6654    [012] ..... 700437808348: suspend_resume: dpm_prepare[2] begin
            bash-6654    [012] ..... 700555956248: suspend_resume: dpm_prepare[2] end
            bash-6654    [012] ..... 700555985651: suspend_resume: dpm_suspend[2] begin
            bash-6654    [004] ..... 701312529969: suspend_resume: dpm_suspend[2] end
            bash-6654    [004] ..... 701312548999: suspend_resume: dpm_suspend_late[2] begin
            bash-6654    [004] ..... 704007567090: suspend_resume: dpm_suspend_late[2] end
            bash-6654    [004] ..... 704008943073: suspend_resume: dpm_suspend_noirq[2] begin
            bash-6654    [018] ..... 706759055862: suspend_resume: dpm_suspend_noirq[2] end
            bash-6654    [004] ..... 706767695616: suspend_resume: machine_suspend[1] begin
          <idle>-0       [025] d..2. 706768115278: suspend_resume: timekeeping_freeze[25] begin
          <idle>-0       [001] dN.2. 709457855720: suspend_resume: timekeeping_freeze[1] end
            bash-6654    [004] ..... 709458487601: suspend_resume: machine_suspend[1] end
            bash-6654    [004] ..... 709466523609: suspend_resume: dpm_resume_noirq[16] begin
            bash-6654    [002] ..... 710903911104: suspend_resume: dpm_resume_noirq[16] end
            bash-6654    [002] ..... 710904611198: suspend_resume: dpm_resume_early[16] begin
            bash-6654    [004] ..... 710912027678: suspend_resume: dpm_resume_early[16] end
            bash-6654    [004] ..... 710912032413: suspend_resume: dpm_resume[16] begin
            bash-6654    [006] ..... 713618471256: suspend_resume: dpm_resume[16] end
            bash-6654    [006] ..... 713618481350: suspend_resume: dpm_complete[16] begin
            bash-6654    [006] ..... 713648045716: suspend_resume: dpm_complete[16] end
            bash-6654    [006] ..... 713648055885: suspend_resume: console_resume_all[1] begin
            bash-6654    [006] ..... 713648191295: suspend_resume: console_resume_all[1] end
            bash-6654    [006] ..... 713648194725: suspend_resume: thaw_processes[0] begin
            bash-6654    [007] ..... 713663849459: suspend_resume: thaw_processes[0] end
            bash-6654    [004] ...1. 720389043192: tracing_mark_write: cycle test 21
            bash-6654    [030] ..... 720450024525: suspend_resume: suspend_enter[1] begin
            bash-6654    [030] ..... 720450028242: suspend_resume: sync_filesystems[0] begin
            bash-6654    [030] ..... 720486600359: suspend_resume: sync_filesystems[0] end
            bash-6654    [030] ..... 720728853540: suspend_resume: freeze_processes[0] begin
            bash-6654    [030] ..... 720740839448: suspend_resume: freeze_processes[0] end
            bash-6654    [030] ..... 720740841101: suspend_resume: suspend_enter[1] end
            bash-6654    [030] ..... 720740964321: suspend_resume: dpm_prepare[2] begin
            bash-6654    [030] ..... 720810631637: suspend_resume: dpm_prepare[2] end
            bash-6654    [030] ..... 720810669953: suspend_resume: dpm_suspend[2] begin
            bash-6654    [005] ..... 724483213175: suspend_resume: dpm_suspend[2] end
            bash-6654    [005] ..... 724483243911: suspend_resume: dpm_suspend_late[2] begin
            bash-6654    [024] ..... 727179716063: suspend_resume: dpm_suspend_late[2] end
            bash-6654    [014] ..... 727181451688: suspend_resume: dpm_suspend_noirq[2] begin
            bash-6654    [019] ..... 729931183282: suspend_resume: dpm_suspend_noirq[2] end
            bash-6654    [004] ..... 729941888477: suspend_resume: machine_suspend[1] begin
          <idle>-0       [027] d..2. 729942301012: suspend_resume: timekeeping_freeze[27] begin
          <idle>-0       [000] dN.2. 729943407661: suspend_resume: timekeeping_freeze[0] end
            bash-6654    [004] ..... 729943701844: suspend_resume: machine_suspend[1] end
            bash-6654    [004] ..... 729944189852: suspend_resume: machine_suspend[1] begin
          <idle>-0       [027] d..2. 729944521853: suspend_resume: timekeeping_freeze[27] begin
          <idle>-0       [010] dN.2. 729945548622: suspend_resume: timekeeping_freeze[10] end
          <idle>-0       [010] d..2. 729945588816: suspend_resume: timekeeping_freeze[10] begin
          <idle>-0       [001] dN.2. 733649478098: suspend_resume: timekeeping_freeze[1] end
            bash-6654    [004] ..... 733650101092: suspend_resume: machine_suspend[1] end
            bash-6654    [004] ..... 733658624643: suspend_resume: dpm_resume_noirq[16] begin
            bash-6654    [017] ..... 735103824100: suspend_resume: dpm_resume_noirq[16] end
            bash-6654    [015] ..... 735104797943: suspend_resume: dpm_resume_early[16] begin
            bash-6654    [010] ..... 735112093851: suspend_resume: dpm_resume_early[16] end
            bash-6654    [010] ..... 735112098494: suspend_resume: dpm_resume[16] begin
            bash-6654    [007] .l... 737829497224: suspend_resume: dpm_resume[16] end
            bash-6654    [007] .l... 737829506230: suspend_resume: dpm_complete[16] begin
            bash-6654    [007] ..... 737858689408: suspend_resume: dpm_complete[16] end
            bash-6654    [007] ..... 737858701016: suspend_resume: console_resume_all[1] begin
            bash-6654    [007] ..... 737859073539: suspend_resume: console_resume_all[1] end
            bash-6654    [007] ..... 737859076075: suspend_resume: thaw_processes[0] begin
            bash-6654    [030] ..... 737868115483: suspend_resume: thaw_processes[0] end
            bash-6654    [030] ...1. 744337270710: tracing_mark_write: cycle test 22
            bash-6654    [021] ..... 744397885878: suspend_resume: suspend_enter[1] begin
            bash-6654    [021] ..... 744397890294: suspend_resume: sync_filesystems[0] begin
            bash-6654    [021] ..... 744434289713: suspend_resume: sync_filesystems[0] end
            bash-6654    [021] ..... 744668531579: suspend_resume: freeze_processes[0] begin
            bash-6654    [004] ..... 744681291584: suspend_resume: freeze_processes[0] end
            bash-6654    [004] ..... 744681296827: suspend_resume: suspend_enter[1] end
            bash-6654    [004] ..... 744681392496: suspend_resume: dpm_prepare[2] begin
            bash-6654    [004] ..... 744807035603: suspend_resume: dpm_prepare[2] end
            bash-6654    [004] ..... 744807064118: suspend_resume: dpm_suspend[2] begin
            bash-6654    [014] ..... 745528624617: suspend_resume: dpm_suspend[2] end
            bash-6654    [014] ..... 745528650049: suspend_resume: dpm_suspend_late[2] begin
            bash-6654    [005] ..... 748224883454: suspend_resume: dpm_suspend_late[2] end
            bash-6654    [005] ..... 748226284308: suspend_resume: dpm_suspend_noirq[2] begin
            bash-6654    [003] ..... 750972498607: suspend_resume: dpm_suspend_noirq[2] end
            bash-6654    [004] ..... 750982486452: suspend_resume: machine_suspend[1] begin
          <idle>-0       [022] d..2. 750982942594: suspend_resume: timekeeping_freeze[22] begin
          <idle>-0       [004] dN.2. 750983960138: suspend_resume: timekeeping_freeze[4] end
          <idle>-0       [004] d..2. 750983997158: suspend_resume: timekeeping_freeze[4] begin
          <idle>-0       [004] dN.2. 750984924148: suspend_resume: timekeeping_freeze[4] end
          <idle>-0       [004] d..2. 750984939168: suspend_resume: timekeeping_freeze[4] begin
          <idle>-0       [001] dN.2. 753002810866: suspend_resume: timekeeping_freeze[1] end
            bash-6654    [004] ..... 753003367048: suspend_resume: machine_suspend[1] end
            bash-6654    [004] ..... 753012629349: suspend_resume: dpm_resume_noirq[16] begin
            bash-6654    [006] ..... 754450083501: suspend_resume: dpm_resume_noirq[16] end
            bash-6654    [006] ..... 754450848421: suspend_resume: dpm_resume_early[16] begin
            bash-6654    [014] ..... 754456788045: suspend_resume: dpm_resume_early[16] end
            bash-6654    [014] ..... 754456792172: suspend_resume: dpm_resume[16] begin
            bash-6654    [000] ..... 757174789814: suspend_resume: dpm_resume[16] end
            bash-6654    [000] ..... 757174800260: suspend_resume: dpm_complete[16] begin
            bash-6654    [000] ..... 757204539198: suspend_resume: dpm_complete[16] end
            bash-6654    [000] ..... 757204560820: suspend_resume: console_resume_all[1] begin
            bash-6654    [000] ..... 757204658427: suspend_resume: console_resume_all[1] end
            bash-6654    [000] ..... 757204661733: suspend_resume: thaw_processes[0] begin
            bash-6654    [028] ..... 757212991814: suspend_resume: thaw_processes[0] end
            bash-6654    [031] ...1. 763930436691: tracing_mark_write: cycle test 23
            bash-6654    [021] ..... 763994707978: suspend_resume: suspend_enter[1] begin
            bash-6654    [021] ..... 763994712114: suspend_resume: sync_filesystems[0] begin
            bash-6654    [021] ..... 764032865841: suspend_resume: sync_filesystems[0] end
            bash-6654    [000] ..... 764274781718: suspend_resume: freeze_processes[0] begin
            bash-6654    [000] ..... 764287882314: suspend_resume: freeze_processes[0] end
            bash-6654    [000] ..... 764287885072: suspend_resume: suspend_enter[1] end
            bash-6654    [000] ..... 764287975568: suspend_resume: dpm_prepare[2] begin
            bash-6654    [000] ..... 764412830104: suspend_resume: dpm_prepare[2] end
            bash-6654    [000] ..... 764412860310: suspend_resume: dpm_suspend[2] begin
            bash-6654    [004] ..... 765137495904: suspend_resume: dpm_suspend[2] end
            bash-6654    [004] ..... 765137520364: suspend_resume: dpm_suspend_late[2] begin
            bash-6654    [002] ..... 767834500105: suspend_resume: dpm_suspend_late[2] end
            bash-6654    [002] ..... 767835723345: suspend_resume: dpm_suspend_noirq[2] begin
            bash-6654    [012] ..... 770583718760: suspend_resume: dpm_suspend_noirq[2] end
            bash-6654    [004] ..... 770593137292: suspend_resume: machine_suspend[1] begin
          <idle>-0       [027] d..2. 770593563883: suspend_resume: timekeeping_freeze[27] begin
          <idle>-0       [010] dN.2. 770594560987: suspend_resume: timekeeping_freeze[10] end
          <idle>-0       [010] d..2. 770594638133: suspend_resume: timekeeping_freeze[10] begin
          <idle>-0       [000] dN.2. 770595572712: suspend_resume: timekeeping_freeze[0] end
          <idle>-0       [000] d..2. 770595648859: suspend_resume: timekeeping_freeze[0] begin
          <idle>-0       [000] dN.2. 770596578419: suspend_resume: timekeeping_freeze[0] end
          <idle>-0       [000] d..2. 770596586764: suspend_resume: timekeeping_freeze[0] begin
          <idle>-0       [000] dN.2. 777194423713: suspend_resume: timekeeping_freeze[0] end
            bash-6654    [004] ..... 777194812839: suspend_resume: machine_suspend[1] end
            bash-6654    [004] .l... 777202994572: suspend_resume: dpm_resume_noirq[16] begin
            bash-6654    [008] ..... 778656814460: suspend_resume: dpm_resume_noirq[16] end
            bash-6654    [008] ..... 778657494864: suspend_resume: dpm_resume_early[16] begin
            bash-6654    [020] ..... 778664226588: suspend_resume: dpm_resume_early[16] end
            bash-6654    [020] ..... 778664231982: suspend_resume: dpm_resume[16] begin
            bash-6654    [006] .l... 781379361403: suspend_resume: dpm_resume[16] end
            bash-6654    [006] .l... 781379370802: suspend_resume: dpm_complete[16] begin
            bash-6654    [006] ..... 781408883557: suspend_resume: dpm_complete[16] end
            bash-6654    [006] ..... 781408906462: suspend_resume: console_resume_all[1] begin
            bash-6654    [006] ..... 781409116720: suspend_resume: console_resume_all[1] end
            bash-6654    [006] ..... 781409119922: suspend_resume: thaw_processes[0] begin
            bash-6654    [006] ..... 781422198208: suspend_resume: thaw_processes[0] end
            bash-6654    [010] ...1. 789094706401: tracing_mark_write: cycle test 24
            bash-6654    [019] ..... 789158220083: suspend_resume: suspend_enter[1] begin
            bash-6654    [019] ..... 789158224197: suspend_resume: sync_filesystems[0] begin
            bash-6654    [019] ..... 789190198247: suspend_resume: sync_filesystems[0] end
            bash-6654    [019] ..... 789435847792: suspend_resume: freeze_processes[0] begin
            bash-6654    [001] ..... 789448798177: suspend_resume: freeze_processes[0] end
            bash-6654    [001] ..... 789448802597: suspend_resume: suspend_enter[1] end
            bash-6654    [002] ..... 789448904850: suspend_resume: dpm_prepare[2] begin
            bash-6654    [002] ..... 789588007927: suspend_resume: dpm_prepare[2] end
            bash-6654    [002] ..... 789588037422: suspend_resume: dpm_suspend[2] begin
            bash-6654    [002] ..... 793255924079: suspend_resume: dpm_suspend[2] end
            bash-6654    [002] ..... 793255960690: suspend_resume: dpm_suspend_late[2] begin
            bash-6654    [004] ..... 795952799359: suspend_resume: dpm_suspend_late[2] end
            bash-6654    [004] ..... 795954317789: suspend_resume: dpm_suspend_noirq[2] begin
            bash-6654    [002] ..... 798695750480: suspend_resume: dpm_suspend_noirq[2] end
            bash-6654    [004] ..... 798710499607: suspend_resume: machine_suspend[1] begin
            bash-6654    [004] ..... 798711008624: suspend_resume: machine_suspend[1] end
            bash-6654    [004] ..... 798711494669: suspend_resume: machine_suspend[1] begin
          <idle>-0       [001] d..2. 798711861655: suspend_resume: timekeeping_freeze[1] begin
          <idle>-0       [010] dN.2. 798712805342: suspend_resume: timekeeping_freeze[10] end
          <idle>-0       [010] d..2. 798712818224: suspend_resume: timekeeping_freeze[10] begin
          <idle>-0       [000] dN.2. 799150785616: suspend_resume: timekeeping_freeze[0] end
            bash-6654    [004] ..... 799151305711: suspend_resume: machine_suspend[1] end
            bash-6654    [005] ..... 799167813664: suspend_resume: machine_suspend[1] begin
          <idle>-0       [027] d..2. 799168192360: suspend_resume: timekeeping_freeze[27] begin
          <idle>-0       [000] dN.2. 799169467782: suspend_resume: timekeeping_freeze[0] end
            bash-6654    [005] ..... 799169861197: suspend_resume: machine_suspend[1] end
            bash-6654    [005] ..... 799170315532: suspend_resume: machine_suspend[1] begin
          <idle>-0       [008] d..2. 799170565882: suspend_resume: timekeeping_freeze[8] begin
          <idle>-0       [029] dN.2. 799171665761: suspend_resume: timekeeping_freeze[29] end
          <idle>-0       [029] d..2. 799171712851: suspend_resume: timekeeping_freeze[29] begin
          <idle>-0       [029] dN.2. 799172921390: suspend_resume: timekeeping_freeze[29] end
          <idle>-0       [029] d..2. 799172939441: suspend_resume: timekeeping_freeze[29] begin
          <idle>-0       [001] dN.2. 801386102413: suspend_resume: timekeeping_freeze[1] end
            bash-6654    [005] ..... 801386706658: suspend_resume: machine_suspend[1] end
            bash-6654    [005] ..... 801396442029: suspend_resume: dpm_resume_noirq[16] begin
            bash-6654    [005] ..... 802972318128: suspend_resume: dpm_resume_noirq[16] end
            bash-6654    [005] ..... 802972968137: suspend_resume: dpm_resume_early[16] begin
            bash-6654    [005] ..... 802979360688: suspend_resume: dpm_resume_early[16] end
            bash-6654    [005] ..... 802979362989: suspend_resume: dpm_resume[16] begin
            bash-6654    [025] ..... 805686049098: suspend_resume: dpm_resume[16] end
            bash-6654    [025] ..... 805686061446: suspend_resume: dpm_complete[16] begin
            bash-6654    [025] ..... 805716271246: suspend_resume: dpm_complete[16] end
            bash-6654    [025] ..... 805716288307: suspend_resume: console_resume_all[1] begin
            bash-6654    [025] ..... 805716715126: suspend_resume: console_resume_all[1] end
            bash-6654    [025] ..... 805716719847: suspend_resume: thaw_processes[0] begin
            bash-6654    [016] ..... 805725449582: suspend_resume: thaw_processes[0] end
            bash-6654    [014] ...1. 813041584899: tracing_mark_write: cycle test 25
            bash-6654    [030] ..... 813104835880: suspend_resume: suspend_enter[1] begin
            bash-6654    [030] ..... 813104839609: suspend_resume: sync_filesystems[0] begin
            bash-6654    [030] ..... 813139802380: suspend_resume: sync_filesystems[0] end
            bash-6654    [030] ..... 813386922410: suspend_resume: freeze_processes[0] begin
            bash-6654    [006] ..... 813399039727: suspend_resume: freeze_processes[0] end
            bash-6654    [006] ..... 813399045204: suspend_resume: suspend_enter[1] end
            bash-6654    [002] ..... 813399338908: suspend_resume: dpm_prepare[2] begin
            bash-6654    [002] ..... 813523690838: suspend_resume: dpm_prepare[2] end
            bash-6654    [002] ..... 813523718611: suspend_resume: dpm_suspend[2] begin
            bash-6654    [000] ..... 814261155358: suspend_resume: dpm_suspend[2] end
            bash-6654    [000] ..... 814261184491: suspend_resume: dpm_suspend_late[2] begin
            bash-6654    [028] ..... 816946985451: suspend_resume: dpm_suspend_late[2] end
            bash-6654    [002] ..... 816948554493: suspend_resume: dpm_suspend_noirq[2] begin
            bash-6654    [017] ..... 819692742498: suspend_resume: dpm_suspend_noirq[2] end
            bash-6654    [004] ..... 819711909432: suspend_resume: dpm_resume_noirq[16] begin
            bash-6654    [016] ..... 821156618373: suspend_resume: dpm_resume_noirq[16] end
            bash-6654    [016] ..... 821157441621: suspend_resume: dpm_resume_early[16] begin
            bash-6654    [001] ..... 821166134138: suspend_resume: dpm_resume_early[16] end
            bash-6654    [001] ..... 821166141727: suspend_resume: dpm_resume[16] begin
            bash-6654    [004] ..... 823875611959: suspend_resume: dpm_resume[16] end
            bash-6654    [004] ..... 823875622156: suspend_resume: dpm_complete[16] begin
            bash-6654    [004] ..... 823905657744: suspend_resume: dpm_complete[16] end
            bash-6654    [004] ..... 823905683173: suspend_resume: console_resume_all[1] begin
            bash-6654    [004] ..... 823905962591: suspend_resume: console_resume_all[1] end
            bash-6654    [004] ..... 823905966501: suspend_resume: thaw_processes[0] begin
            bash-6654    [003] ..... 823916625867: suspend_resume: thaw_processes[0] end
            bash-6654    [025] ...1. 828539191422: tracing_mark_write: cycle test 26
            bash-6654    [018] ..... 828613785351: suspend_resume: suspend_enter[1] begin
            bash-6654    [018] ..... 828613790720: suspend_resume: sync_filesystems[0] begin
            bash-6654    [018] ..... 828721496203: suspend_resume: sync_filesystems[0] end
            bash-6654    [018] ..... 828733563463: suspend_resume: freeze_processes[0] begin
            bash-6654    [008] ..... 828746596418: suspend_resume: freeze_processes[0] end
            bash-6654    [008] ..... 828746602678: suspend_resume: suspend_enter[1] end
            bash-6654    [008] ..... 828747022762: suspend_resume: dpm_prepare[2] begin
            bash-6654    [008] ..... 828871179701: suspend_resume: dpm_prepare[2] end
            bash-6654    [008] ..... 828871210166: suspend_resume: dpm_suspend[2] begin
            bash-6654    [005] ..... 829588145813: suspend_resume: dpm_suspend[2] end
            bash-6654    [005] ..... 829588170381: suspend_resume: dpm_suspend_late[2] begin
            bash-6654    [005] ..... 832284262626: suspend_resume: dpm_suspend_late[2] end
            bash-6654    [005] ..... 832285879867: suspend_resume: dpm_suspend_noirq[2] begin
            bash-6654    [005] ..... 835033219561: suspend_resume: dpm_suspend_noirq[2] end
            bash-6654    [005] ..... 835043436895: suspend_resume: machine_suspend[1] begin
          <idle>-0       [006] d..2. 835043823124: suspend_resume: timekeeping_freeze[6] begin
          <idle>-0       [010] dN.2. 835044825502: suspend_resume: timekeeping_freeze[10] end
            bash-6654    [005] ..... 835045130077: suspend_resume: machine_suspend[1] end
            bash-6654    [005] ..... 835045620790: suspend_resume: machine_suspend[1] begin
          <idle>-0       [012] d..2. 835045991368: suspend_resume: timekeeping_freeze[12] begin
          <idle>-0       [012] dN.2. 835047358243: suspend_resume: timekeeping_freeze[12] end
          <idle>-0       [012] d..2. 835047394935: suspend_resume: timekeeping_freeze[12] begin
          <idle>-0       [001] dN.2. 837673511068: suspend_resume: timekeeping_freeze[1] end
            bash-6654    [005] ..... 837674122199: suspend_resume: machine_suspend[1] end
            bash-6654    [005] ..... 837683835207: suspend_resume: dpm_resume_noirq[16] begin
            bash-6654    [005] ..... 839125419782: suspend_resume: dpm_resume_noirq[16] end
            bash-6654    [005] ..... 839126025539: suspend_resume: dpm_resume_early[16] begin
            bash-6654    [005] ..... 839132636066: suspend_resume: dpm_resume_early[16] end
            bash-6654    [005] ..... 839132640405: suspend_resume: dpm_resume[16] begin
            bash-6654    [004] .l... 841846848286: suspend_resume: dpm_resume[16] end
            bash-6654    [004] .l... 841846860278: suspend_resume: dpm_complete[16] begin
            bash-6654    [004] ..... 841876378120: suspend_resume: dpm_complete[16] end
            bash-6654    [004] ..... 841876444119: suspend_resume: console_resume_all[1] begin
            bash-6654    [010] ..... 841877219296: suspend_resume: console_resume_all[1] end
            bash-6654    [010] ..... 841877226990: suspend_resume: thaw_processes[0] begin
            bash-6654    [008] ..... 841886372566: suspend_resume: thaw_processes[0] end
            bash-6654    [010] ...1. 847390768640: tracing_mark_write: cycle test 27
            bash-6654    [004] ..... 847450353259: suspend_resume: suspend_enter[1] begin
            bash-6654    [004] ..... 847450355999: suspend_resume: sync_filesystems[0] begin
            bash-6654    [004] ..... 847473034682: suspend_resume: sync_filesystems[0] end
            bash-6654    [004] ..... 847484773964: suspend_resume: freeze_processes[0] begin
            bash-6654    [004] ..... 847496623250: suspend_resume: freeze_processes[0] end
            bash-6654    [004] ..... 847496623845: suspend_resume: suspend_enter[1] end
            bash-6654    [004] ..... 847496713411: suspend_resume: dpm_prepare[2] begin
            bash-6654    [004] ..... 847631211841: suspend_resume: dpm_prepare[2] end
            bash-6654    [004] ..... 847631242113: suspend_resume: dpm_suspend[2] begin
            bash-6654    [012] ..... 851302476157: suspend_resume: dpm_suspend[2] end
            bash-6654    [012] ..... 851302500246: suspend_resume: dpm_suspend_late[2] begin
            bash-6654    [012] ..... 853998487364: suspend_resume: dpm_suspend_late[2] end
            bash-6654    [004] ..... 854000006739: suspend_resume: dpm_suspend_noirq[2] begin
            bash-6654    [017] ..... 856746310680: suspend_resume: dpm_suspend_noirq[2] end
            bash-6654    [004] ..... 856764318709: suspend_resume: dpm_resume_noirq[16] begin
            bash-6654    [010] ..... 858203189036: suspend_resume: dpm_resume_noirq[16] end
            bash-6654    [010] ..... 858204244262: suspend_resume: dpm_resume_early[16] begin
            bash-6654    [007] ..... 858212618695: suspend_resume: dpm_resume_early[16] end
            bash-6654    [007] ..... 858212623683: suspend_resume: dpm_resume[16] begin
            bash-6654    [004] .l... 860928025944: suspend_resume: dpm_resume[16] end
            bash-6654    [004] .l... 860928039804: suspend_resume: dpm_complete[16] begin
            bash-6654    [004] ..... 860957488666: suspend_resume: dpm_complete[16] end
            bash-6654    [004] ..... 860957512454: suspend_resume: console_resume_all[1] begin
            bash-6654    [006] ..... 860958066183: suspend_resume: console_resume_all[1] end
            bash-6654    [006] ..... 860958072587: suspend_resume: thaw_processes[0] begin
            bash-6654    [016] ..... 860968793285: suspend_resume: thaw_processes[0] end
            bash-6654    [016] ...1. 865066185737: tracing_mark_write: cycle test 28
            bash-6654    [018] ..... 865142307371: suspend_resume: suspend_enter[1] begin
            bash-6654    [018] ..... 865142311882: suspend_resume: sync_filesystems[0] begin
            bash-6654    [018] ..... 865215571500: suspend_resume: sync_filesystems[0] end
            bash-6654    [018] ..... 865230240899: suspend_resume: freeze_processes[0] begin
            bash-6654    [014] ..... 865242880052: suspend_resume: freeze_processes[0] end
            bash-6654    [014] ..... 865242884752: suspend_resume: suspend_enter[1] end
            bash-6654    [014] ..... 865243233658: suspend_resume: dpm_prepare[2] begin
            bash-6654    [014] ..... 865351132204: suspend_resume: dpm_prepare[2] end
            bash-6654    [014] ..... 865351160938: suspend_resume: dpm_suspend[2] begin
            bash-6654    [006] ..... 866102489841: suspend_resume: dpm_suspend[2] end
            bash-6654    [006] ..... 866102508589: suspend_resume: dpm_suspend_late[2] begin
            bash-6654    [006] ..... 868796757424: suspend_resume: dpm_suspend_late[2] end
            bash-6654    [006] ..... 868798365295: suspend_resume: dpm_suspend_noirq[2] begin
            bash-6654    [018] ..... 871549637660: suspend_resume: dpm_suspend_noirq[2] end
            bash-6654    [006] ..... 871564335328: suspend_resume: machine_suspend[1] begin
            bash-6654    [006] ..... 871564862071: suspend_resume: machine_suspend[1] end
            bash-6654    [006] ..... 871565377297: suspend_resume: machine_suspend[1] begin
          <idle>-0       [005] d..2. 871565694372: suspend_resume: timekeeping_freeze[5] begin
          <idle>-0       [008] dN.2. 871566643528: suspend_resume: timekeeping_freeze[8] end
          <idle>-0       [008] d..2. 871566680255: suspend_resume: timekeeping_freeze[8] begin
          <idle>-0       [008] dN.2. 871567615435: suspend_resume: timekeeping_freeze[8] end
          <idle>-0       [008] d..2. 871567632737: suspend_resume: timekeeping_freeze[8] begin
          <idle>-0       [000] dN.2. 873960951340: suspend_resume: timekeeping_freeze[0] end
            bash-6654    [006] ..... 873961533586: suspend_resume: machine_suspend[1] end
            bash-6654    [006] ..... 873970276159: suspend_resume: dpm_resume_noirq[16] begin
            bash-6654    [010] ..... 875414200738: suspend_resume: dpm_resume_noirq[16] end
            bash-6654    [010] ..... 875415106252: suspend_resume: dpm_resume_early[16] begin
            bash-6654    [000] ..... 875423002798: suspend_resume: dpm_resume_early[16] end
            bash-6654    [000] ..... 875423009815: suspend_resume: dpm_resume[16] begin
            bash-6654    [001] ..... 878140244809: suspend_resume: dpm_resume[16] end
            bash-6654    [001] ..... 878140253605: suspend_resume: dpm_complete[16] begin
            bash-6654    [001] ..... 878169633736: suspend_resume: dpm_complete[16] end
            bash-6654    [001] ..... 878169655869: suspend_resume: console_resume_all[1] begin
            bash-6654    [010] ..... 878170036304: suspend_resume: console_resume_all[1] end
            bash-6654    [010] ..... 878170051144: suspend_resume: thaw_processes[0] begin
            bash-6654    [024] ..... 878179586697: suspend_resume: thaw_processes[0] end
            bash-6654    [012] ...1. 885380202887: tracing_mark_write: cycle test 29
            bash-6654    [020] ..... 885446908997: suspend_resume: suspend_enter[1] begin
            bash-6654    [020] ..... 885446912269: suspend_resume: sync_filesystems[0] begin
            bash-6654    [020] ..... 885470831806: suspend_resume: sync_filesystems[0] end
            bash-6654    [020] ..... 885715379010: suspend_resume: freeze_processes[0] begin
            bash-6654    [020] ..... 885726808000: suspend_resume: freeze_processes[0] end
            bash-6654    [020] ..... 885726809705: suspend_resume: suspend_enter[1] end
            bash-6654    [020] ..... 885726940556: suspend_resume: dpm_prepare[2] begin
            bash-6654    [020] ..... 885852905941: suspend_resume: dpm_prepare[2] end
            bash-6654    [020] ..... 885852945521: suspend_resume: dpm_suspend[2] begin
            bash-6654    [003] ..... 886587857317: suspend_resume: dpm_suspend[2] end
            bash-6654    [003] ..... 886587884533: suspend_resume: dpm_suspend_late[2] begin
            bash-6654    [007] ..... 889282126055: suspend_resume: dpm_suspend_late[2] end
            bash-6654    [007] ..... 889283506798: suspend_resume: dpm_suspend_noirq[2] begin
            bash-6654    [020] ..... 892031237792: suspend_resume: dpm_suspend_noirq[2] end
            bash-6654    [002] ..... 892040526483: suspend_resume: machine_suspend[1] begin
          <idle>-0       [025] d..2. 892040946728: suspend_resume: timekeeping_freeze[25] begin
          <idle>-0       [025] dN.2. 892042079259: suspend_resume: timekeeping_freeze[25] end
          <idle>-0       [025] d..2. 892042171284: suspend_resume: timekeeping_freeze[25] begin
          <idle>-0       [001] dN.2. 893303666224: suspend_resume: timekeeping_freeze[1] end
            bash-6654    [002] ..... 893304317315: suspend_resume: machine_suspend[1] end
            bash-6654    [002] .l... 893312784923: suspend_resume: dpm_resume_noirq[16] begin
            bash-6654    [005] ..... 894752287043: suspend_resume: dpm_resume_noirq[16] end
            bash-6654    [005] ..... 894752960158: suspend_resume: dpm_resume_early[16] begin
            bash-6654    [005] ..... 894759444536: suspend_resume: dpm_resume_early[16] end
            bash-6654    [005] ..... 894759447227: suspend_resume: dpm_resume[16] begin
            bash-6654    [001] ..... 897473645524: suspend_resume: dpm_resume[16] end
            bash-6654    [001] ..... 897473669829: suspend_resume: dpm_complete[16] begin
            bash-6654    [001] ..... 897503672976: suspend_resume: dpm_complete[16] end
            bash-6654    [001] ..... 897503696574: suspend_resume: console_resume_all[1] begin
            bash-6654    [001] ..... 897503875826: suspend_resume: console_resume_all[1] end
            bash-6654    [001] ..... 897503880004: suspend_resume: thaw_processes[0] begin
            bash-6654    [006] ..... 897511477865: suspend_resume: thaw_processes[0] end
            bash-6654    [023] ...1. 904253678187: tracing_mark_write: cycle test 30
            bash-6654    [017] ..... 904318689090: suspend_resume: suspend_enter[1] begin
            bash-6654    [017] ..... 904318693325: suspend_resume: sync_filesystems[0] begin
            bash-6654    [017] ..... 904387452415: suspend_resume: sync_filesystems[0] end
            bash-6654    [017] ..... 904636625058: suspend_resume: freeze_processes[0] begin
            bash-6654    [012] ..... 904649135455: suspend_resume: freeze_processes[0] end
            bash-6654    [012] ..... 904649138646: suspend_resume: suspend_enter[1] end
            bash-6654    [012] ..... 904649232792: suspend_resume: dpm_prepare[2] begin
            bash-6654    [012] ..... 904696346556: suspend_resume: dpm_prepare[2] end
            bash-6654    [012] ..... 904696370193: suspend_resume: dpm_suspend[2] begin
            bash-6654    [006] ..... 908367719940: suspend_resume: dpm_suspend[2] end
            bash-6654    [006] ..... 908367756752: suspend_resume: dpm_suspend_late[2] begin
            bash-6654    [010] ..... 911064535709: suspend_resume: dpm_suspend_late[2] end
            bash-6654    [004] ..... 911066245812: suspend_resume: dpm_suspend_noirq[2] begin
            bash-6654    [002] ..... 913819608729: suspend_resume: dpm_suspend_noirq[2] end
            bash-6654    [004] ..... 913830918589: suspend_resume: machine_suspend[1] begin
          <idle>-0       [027] d..2. 913831312439: suspend_resume: timekeeping_freeze[27] begin
          <idle>-0       [000] dN.2. 913832345632: suspend_resume: timekeeping_freeze[0] end
            bash-6654    [004] ..... 913832625724: suspend_resume: machine_suspend[1] end
            bash-6654    [004] ..... 913833102514: suspend_resume: machine_suspend[1] begin
          <idle>-0       [013] d..2. 913833429949: suspend_resume: timekeeping_freeze[13] begin
          <idle>-0       [008] dN.2. 913834361530: suspend_resume: timekeeping_freeze[8] end
          <idle>-0       [008] d..2. 913834399076: suspend_resume: timekeeping_freeze[8] begin
          <idle>-0       [000] dN.2. 917495347978: suspend_resume: timekeeping_freeze[0] end
            bash-6654    [004] ..... 917495979915: suspend_resume: machine_suspend[1] end
            bash-6654    [004] .l... 917505792624: suspend_resume: dpm_resume_noirq[16] begin
            bash-6654    [008] ..... 918952886409: suspend_resume: dpm_resume_noirq[16] end
            bash-6654    [008] ..... 918953603896: suspend_resume: dpm_resume_early[16] begin
            bash-6654    [004] ..... 918959546251: suspend_resume: dpm_resume_early[16] end
            bash-6654    [004] ..... 918959550248: suspend_resume: dpm_resume[16] begin
            bash-6654    [004] ..... 921674964099: suspend_resume: dpm_resume[16] end
            bash-6654    [004] ..... 921674973358: suspend_resume: dpm_complete[16] begin
            bash-6654    [004] ..... 921705039726: suspend_resume: dpm_complete[16] end
            bash-6654    [004] ..... 921705067105: suspend_resume: console_resume_all[1] begin
            bash-6654    [004] ..... 921705891899: suspend_resume: console_resume_all[1] end
            bash-6654    [004] ..... 921705895287: suspend_resume: thaw_processes[0] begin
            bash-6654    [022] ..... 921717066919: suspend_resume: thaw_processes[0] end
