# tracer: nop
#
# entries-in-buffer/entries-written: 1282/1282   #P:32
#
#                                _-----=> irqs-off/BH-disabled
#                               / _----=> need-resched
#                              | / _---=> hardirq/softirq
#                              || / _--=> preempt-depth
#                              ||| / _-=> migrate-disable
#                              |||| /     delay
#           TASK-PID     CPU#  |||||  TIMESTAMP  FUNCTION
#              | |         |   |||||     |         |
            bash-8746    [020] ...1. 378063770894: tracing_mark_write: cal 1791042416.672304912
            bash-8746    [027] ...1. 380494598345: tracing_mark_write: cal 1791042417.677038663
            bash-8746    [016] ...1. 383032914759: tracing_mark_write: cycle control 1
            bash-8746    [022] ..... 383082201230: suspend_resume: suspend_enter[1] begin
            bash-8746    [022] ..... 383082206089: suspend_resume: sync_filesystems[0] begin
            bash-8746    [022] ..... 383531099914: suspend_resume: sync_filesystems[0] end
            bash-8746    [026] ..... 383964491329: suspend_resume: freeze_processes[0] begin
            bash-8746    [006] ..... 383977846308: suspend_resume: freeze_processes[0] end
            bash-8746    [006] ..... 383977850320: suspend_resume: suspend_enter[1] end
            bash-8746    [006] ..... 383977959143: suspend_resume: dpm_prepare[2] begin
            bash-8746    [006] ..... 384223636882: suspend_resume: dpm_prepare[2] end
            bash-8746    [006] ..... 384223669426: suspend_resume: dpm_suspend[2] begin
            bash-8746    [006] ..... 387891806764: suspend_resume: dpm_suspend[2] end
            bash-8746    [006] ..... 387891828123: suspend_resume: dpm_suspend_late[2] begin
            bash-8746    [006] ..... 390588019705: suspend_resume: dpm_suspend_late[2] end
            bash-8746    [006] ..... 390589445946: suspend_resume: dpm_suspend_noirq[2] begin
            bash-8746    [021] ..... 393331726709: suspend_resume: dpm_suspend_noirq[2] end
            bash-8746    [002] ..... 393343036468: suspend_resume: machine_suspend[1] begin
          <idle>-0       [030] d..2. 393343416670: suspend_resume: timekeeping_freeze[30] begin
          <idle>-0       [000] dN.2. 393344402442: suspend_resume: timekeeping_freeze[0] end
            bash-8746    [002] ..... 393344667995: suspend_resume: machine_suspend[1] end
            bash-8746    [002] ..... 393345182620: suspend_resume: machine_suspend[1] begin
          <idle>-0       [019] d..2. 393345520124: suspend_resume: timekeeping_freeze[19] begin
          <idle>-0       [000] dN.2. 395800224228: suspend_resume: timekeeping_freeze[0] end
            bash-8746    [002] ..... 395800764996: suspend_resume: machine_suspend[1] end
            bash-8746    [006] ..... 395809955881: suspend_resume: dpm_resume_noirq[16] begin
            bash-8746    [008] ..... 397244759908: suspend_resume: dpm_resume_noirq[16] end
            bash-8746    [008] ..... 397245428582: suspend_resume: dpm_resume_early[16] begin
            bash-8746    [004] ..... 397252595125: suspend_resume: dpm_resume_early[16] end
            bash-8746    [004] ..... 397252600024: suspend_resume: dpm_resume[16] begin
            bash-8746    [005] ..... 399959574552: suspend_resume: dpm_resume[16] end
            bash-8746    [005] ..... 399959584347: suspend_resume: dpm_complete[16] begin
            bash-8746    [005] ..... 399988961821: suspend_resume: dpm_complete[16] end
            bash-8746    [005] ..... 399988985307: suspend_resume: console_resume_all[1] begin
            bash-8746    [005] ..... 399989243109: suspend_resume: console_resume_all[1] end
            bash-8746    [005] ..... 399989247865: suspend_resume: thaw_processes[0] begin
            bash-8746    [009] ..... 400002880228: suspend_resume: thaw_processes[0] end
            bash-8746    [012] ...1. 406253451958: tracing_mark_write: cycle control 2
            bash-8746    [020] ..... 406309599565: suspend_resume: suspend_enter[1] begin
            bash-8746    [020] ..... 406309603522: suspend_resume: sync_filesystems[0] begin
            bash-8746    [020] ..... 406363128509: suspend_resume: sync_filesystems[0] end
            bash-8746    [020] ..... 406633991534: suspend_resume: freeze_processes[0] begin
            bash-8746    [005] ..... 406646916948: suspend_resume: freeze_processes[0] end
            bash-8746    [005] ..... 406646920649: suspend_resume: suspend_enter[1] end
            bash-8746    [005] ..... 406647028220: suspend_resume: dpm_prepare[2] begin
            bash-8746    [005] ..... 406708835098: suspend_resume: dpm_prepare[2] end
            bash-8746    [005] ..... 406708854953: suspend_resume: dpm_suspend[2] begin
            bash-8746    [006] ..... 407450048262: suspend_resume: dpm_suspend[2] end
            bash-8746    [006] ..... 407450068127: suspend_resume: dpm_suspend_late[2] begin
            bash-8746    [010] ..... 410145712642: suspend_resume: dpm_suspend_late[2] end
            bash-8746    [010] ..... 410147135505: suspend_resume: dpm_suspend_noirq[2] begin
            bash-8746    [016] ..... 412887466747: suspend_resume: dpm_suspend_noirq[2] end
            bash-8746    [004] ..... 412898443730: suspend_resume: machine_suspend[1] begin
          <idle>-0       [025] d..2. 412898853448: suspend_resume: timekeeping_freeze[25] begin
          <idle>-0       [001] dN.2. 415153556305: suspend_resume: timekeeping_freeze[1] end
            bash-8746    [004] ..... 415154161949: suspend_resume: machine_suspend[1] end
            bash-8746    [004] .l... 415162474945: suspend_resume: dpm_resume_noirq[16] begin
            bash-8746    [002] ..... 416607414372: suspend_resume: dpm_resume_noirq[16] end
            bash-8746    [002] ..... 416608218522: suspend_resume: dpm_resume_early[16] begin
            bash-8746    [000] ..... 416614773528: suspend_resume: dpm_resume_early[16] end
            bash-8746    [000] ..... 416614777507: suspend_resume: dpm_resume[16] begin
            bash-8746    [006] ..... 419324929659: suspend_resume: dpm_resume[16] end
            bash-8746    [006] ..... 419324939534: suspend_resume: dpm_complete[16] begin
            bash-8746    [006] ..... 419354947023: suspend_resume: dpm_complete[16] end
            bash-8746    [006] ..... 419354981663: suspend_resume: console_resume_all[1] begin
            bash-8746    [016] ..... 419355480398: suspend_resume: console_resume_all[1] end
            bash-8746    [016] ..... 419355490367: suspend_resume: thaw_processes[0] begin
            bash-8746    [002] ..... 419365158071: suspend_resume: thaw_processes[0] end
            bash-8746    [031] ...1. 426327854450: tracing_mark_write: cycle control 3
            bash-8746    [026] ..... 426374357630: suspend_resume: suspend_enter[1] begin
            bash-8746    [026] ..... 426374362064: suspend_resume: sync_filesystems[0] begin
            bash-8746    [026] ..... 426430629710: suspend_resume: sync_filesystems[0] end
            bash-8746    [000] ..... 426673392045: suspend_resume: freeze_processes[0] begin
            bash-8746    [000] ..... 426686693418: suspend_resume: freeze_processes[0] end
            bash-8746    [000] ..... 426686696637: suspend_resume: suspend_enter[1] end
            bash-8746    [000] ..... 426686797439: suspend_resume: dpm_prepare[2] begin
            bash-8746    [000] ..... 426811316884: suspend_resume: dpm_prepare[2] end
            bash-8746    [000] ..... 426811349612: suspend_resume: dpm_suspend[2] begin
            bash-8746    [014] ..... 427529237878: suspend_resume: dpm_suspend[2] end
            bash-8746    [014] ..... 427529265067: suspend_resume: dpm_suspend_late[2] begin
            bash-8746    [014] ..... 430224096772: suspend_resume: dpm_suspend_late[2] end
            bash-8746    [014] ..... 430225316626: suspend_resume: dpm_suspend_noirq[2] begin
            bash-8746    [016] ..... 432970432190: suspend_resume: dpm_suspend_noirq[2] end
            bash-8746    [004] ..... 432979894915: suspend_resume: machine_suspend[1] begin
          <idle>-0       [031] d..2. 432980334205: suspend_resume: timekeeping_freeze[31] begin
          <idle>-0       [002] dN.2. 432981400066: suspend_resume: timekeeping_freeze[2] end
          <idle>-0       [002] d..2. 432981478272: suspend_resume: timekeeping_freeze[2] begin
          <idle>-0       [000] dN.2. 432982423938: suspend_resume: timekeeping_freeze[0] end
          <idle>-0       [000] d..2. 432982516770: suspend_resume: timekeeping_freeze[0] begin
          <idle>-0       [001] dN.2. 434506869765: suspend_resume: timekeeping_freeze[1] end
            bash-8746    [004] ..... 434507400727: suspend_resume: machine_suspend[1] end
            bash-8746    [004] ..... 434516564093: suspend_resume: dpm_resume_noirq[16] begin
            bash-8746    [001] ..... 435958096795: suspend_resume: dpm_resume_noirq[16] end
            bash-8746    [001] ..... 435958939568: suspend_resume: dpm_resume_early[16] begin
            bash-8746    [006] ..... 435965183348: suspend_resume: dpm_resume_early[16] end
            bash-8746    [006] ..... 435965187782: suspend_resume: dpm_resume[16] begin
            bash-8746    [002] .l... 438681654776: suspend_resume: dpm_resume[16] end
            bash-8746    [002] .l... 438681665423: suspend_resume: dpm_complete[16] begin
            bash-8746    [007] ..... 438711730700: suspend_resume: dpm_complete[16] end
            bash-8746    [007] ..... 438711752754: suspend_resume: console_resume_all[1] begin
            bash-8746    [016] ..... 438712364810: suspend_resume: console_resume_all[1] end
            bash-8746    [016] ..... 438712408664: suspend_resume: thaw_processes[0] begin
            bash-8746    [002] ..... 438726940296: suspend_resume: thaw_processes[0] end
            bash-8746    [002] ...1. 445926183414: tracing_mark_write: cycle control 4
            bash-8746    [016] ..... 445981115153: suspend_resume: suspend_enter[1] begin
            bash-8746    [016] ..... 445981118177: suspend_resume: sync_filesystems[0] begin
            bash-8746    [016] ..... 446018599469: suspend_resume: sync_filesystems[0] end
            bash-8746    [016] ..... 446258712198: suspend_resume: freeze_processes[0] begin
            bash-8746    [013] ..... 446272309745: suspend_resume: freeze_processes[0] end
            bash-8746    [013] ..... 446272313874: suspend_resume: suspend_enter[1] end
            bash-8746    [013] ..... 446272770092: suspend_resume: dpm_prepare[2] begin
            bash-8746    [013] ..... 451172381520: suspend_resume: dpm_prepare[2] end
            bash-8746    [013] ..... 451172411823: suspend_resume: dpm_suspend[2] begin
            bash-8746    [008] ..... 454845443985: suspend_resume: dpm_suspend[2] end
            bash-8746    [008] ..... 454845473194: suspend_resume: dpm_suspend_late[2] begin
            bash-8746    [008] ..... 457543273195: suspend_resume: dpm_suspend_late[2] end
            bash-8746    [004] ..... 457545101420: suspend_resume: dpm_suspend_noirq[2] begin
            bash-8746    [012] ..... 460284071514: suspend_resume: dpm_suspend_noirq[2] end
            bash-8746    [006] ..... 460299809298: suspend_resume: dpm_resume_noirq[16] begin
            bash-8746    [008] ..... 461743260691: suspend_resume: dpm_resume_noirq[16] end
            bash-8746    [008] ..... 461743869872: suspend_resume: dpm_resume_early[16] begin
            bash-8746    [015] ..... 461750680764: suspend_resume: dpm_resume_early[16] end
            bash-8746    [015] ..... 461750685229: suspend_resume: dpm_resume[16] begin
            bash-8746    [006] ..... 464475265047: suspend_resume: dpm_resume[16] end
            bash-8746    [006] ..... 464475274294: suspend_resume: dpm_complete[16] begin
            bash-8746    [006] ..... 464506799604: suspend_resume: dpm_complete[16] end
            bash-8746    [006] ..... 464506861191: suspend_resume: console_resume_all[1] begin
            bash-8746    [006] ..... 464507189082: suspend_resume: console_resume_all[1] end
            bash-8746    [006] ..... 464507193022: suspend_resume: thaw_processes[0] begin
            bash-8746    [000] ..... 464519936319: suspend_resume: thaw_processes[0] end
            bash-8746    [006] ...1. 470603751079: tracing_mark_write: cycle control 5
            bash-8746    [026] ..... 470650948311: suspend_resume: suspend_enter[1] begin
            bash-8746    [026] ..... 470650951455: suspend_resume: sync_filesystems[0] begin
            bash-8746    [026] ..... 470693609531: suspend_resume: sync_filesystems[0] end
            bash-8746    [026] ..... 470936521001: suspend_resume: freeze_processes[0] begin
            bash-8746    [010] ..... 470950162201: suspend_resume: freeze_processes[0] end
            bash-8746    [010] ..... 470950166558: suspend_resume: suspend_enter[1] end
            bash-8746    [010] ..... 470950381077: suspend_resume: dpm_prepare[2] begin
            bash-8746    [010] ..... 471075218489: suspend_resume: dpm_prepare[2] end
            bash-8746    [010] ..... 471075251820: suspend_resume: dpm_suspend[2] begin
            bash-8746    [007] ..... 471814847667: suspend_resume: dpm_suspend[2] end
            bash-8746    [007] ..... 471814873777: suspend_resume: dpm_suspend_late[2] begin
            bash-8746    [007] ..... 474508871132: suspend_resume: dpm_suspend_late[2] end
            bash-8746    [007] ..... 474510121369: suspend_resume: dpm_suspend_noirq[2] begin
            bash-8746    [007] ..... 477245250261: suspend_resume: dpm_suspend_noirq[2] end
            bash-8746    [007] ..... 477255670650: suspend_resume: machine_suspend[1] begin
          <idle>-0       [016] d..2. 477256053821: suspend_resume: timekeeping_freeze[16] begin
          <idle>-0       [000] dN.2. 477257054480: suspend_resume: timekeeping_freeze[0] end
            bash-8746    [007] ..... 477257307941: suspend_resume: machine_suspend[1] end
            bash-8746    [007] ..... 477257986601: suspend_resume: machine_suspend[1] begin
          <idle>-0       [027] d..2. 477258300290: suspend_resume: timekeeping_freeze[27] begin
          <idle>-0       [001] dN.2. 482890112619: suspend_resume: timekeeping_freeze[1] end
            bash-8746    [007] ..... 482890702866: suspend_resume: machine_suspend[1] end
            bash-8746    [007] ..... 482899521232: suspend_resume: dpm_resume_noirq[16] begin
            bash-8746    [008] ..... 484342695679: suspend_resume: dpm_resume_noirq[16] end
            bash-8746    [008] ..... 484343458489: suspend_resume: dpm_resume_early[16] begin
            bash-8746    [007] ..... 484350415441: suspend_resume: dpm_resume_early[16] end
            bash-8746    [007] ..... 484350419288: suspend_resume: dpm_resume[16] begin
            bash-8746    [004] ..... 487055090733: suspend_resume: dpm_resume[16] end
            bash-8746    [004] ..... 487055109334: suspend_resume: dpm_complete[16] begin
            bash-8746    [004] ..... 487085023008: suspend_resume: dpm_complete[16] end
            bash-8746    [004] ..... 487085043396: suspend_resume: console_resume_all[1] begin
            bash-8746    [016] ..... 487085827639: suspend_resume: console_resume_all[1] end
            bash-8746    [016] ..... 487085833955: suspend_resume: thaw_processes[0] begin
            bash-8746    [006] ..... 487095160336: suspend_resume: thaw_processes[0] end
            bash-8746    [014] ...1. 494310428610: tracing_mark_write: cycle control 6
            bash-8746    [020] ..... 494355685494: suspend_resume: suspend_enter[1] begin
            bash-8746    [020] ..... 494355689045: suspend_resume: sync_filesystems[0] begin
            bash-8746    [020] ..... 494405649134: suspend_resume: sync_filesystems[0] end
            bash-8746    [020] ..... 494643721710: suspend_resume: freeze_processes[0] begin
            bash-8746    [005] ..... 494655930851: suspend_resume: freeze_processes[0] end
            bash-8746    [005] ..... 494655934564: suspend_resume: suspend_enter[1] end
            bash-8746    [005] ..... 494656045025: suspend_resume: dpm_prepare[2] begin
            bash-8746    [005] ..... 494780897368: suspend_resume: dpm_prepare[2] end
            bash-8746    [005] ..... 494780931896: suspend_resume: dpm_suspend[2] begin
            bash-8746    [008] ..... 495502969175: suspend_resume: dpm_suspend[2] end
            bash-8746    [008] ..... 495502997095: suspend_resume: dpm_suspend_late[2] begin
            bash-8746    [030] ..... 498197054817: suspend_resume: dpm_suspend_late[2] end
            bash-8746    [002] ..... 498198636244: suspend_resume: dpm_suspend_noirq[2] begin
            bash-8746    [017] ..... 500945016408: suspend_resume: dpm_suspend_noirq[2] end
            bash-8746    [006] ..... 500961729523: suspend_resume: dpm_resume_noirq[16] begin
            bash-8746    [008] ..... 502399117247: suspend_resume: dpm_resume_noirq[16] end
            bash-8746    [008] ..... 502399896602: suspend_resume: dpm_resume_early[16] begin
            bash-8746    [008] ..... 502406992081: suspend_resume: dpm_resume_early[16] end
            bash-8746    [008] ..... 502406997897: suspend_resume: dpm_resume[16] begin
            bash-8746    [005] ..... 505116115020: suspend_resume: dpm_resume[16] end
            bash-8746    [005] ..... 505116123220: suspend_resume: dpm_complete[16] begin
            bash-8746    [005] ..... 505145957929: suspend_resume: dpm_complete[16] end
            bash-8746    [005] ..... 505145985236: suspend_resume: console_resume_all[1] begin
            bash-8746    [005] ..... 505146464510: suspend_resume: console_resume_all[1] end
            bash-8746    [005] ..... 505146467725: suspend_resume: thaw_processes[0] begin
            bash-8746    [028] ..... 505156012667: suspend_resume: thaw_processes[0] end
            bash-8746    [012] ...1. 509791375801: tracing_mark_write: cycle control 7
            bash-8746    [012] ..... 509846027794: suspend_resume: suspend_enter[1] begin
            bash-8746    [012] ..... 509846030532: suspend_resume: sync_filesystems[0] begin
            bash-8746    [012] ..... 509874513310: suspend_resume: sync_filesystems[0] end
            bash-8746    [010] ..... 509899853899: suspend_resume: freeze_processes[0] begin
            bash-8746    [010] ..... 509913480293: suspend_resume: freeze_processes[0] end
            bash-8746    [010] ..... 509913482549: suspend_resume: suspend_enter[1] end
            bash-8746    [012] ..... 509913594089: suspend_resume: dpm_prepare[2] begin
            bash-8746    [012] ..... 510023583174: suspend_resume: dpm_prepare[2] end
            bash-8746    [012] ..... 510023617824: suspend_resume: dpm_suspend[2] begin
            bash-8746    [010] ..... 513693989209: suspend_resume: dpm_suspend[2] end
            bash-8746    [010] ..... 513694013753: suspend_resume: dpm_suspend_late[2] begin
            bash-8746    [010] ..... 516389661795: suspend_resume: dpm_suspend_late[2] end
            bash-8746    [010] ..... 516391040928: suspend_resume: dpm_suspend_noirq[2] begin
            bash-8746    [014] ..... 519137237272: suspend_resume: dpm_suspend_noirq[2] end
            bash-8746    [006] ..... 519146828634: suspend_resume: machine_suspend[1] begin
          <idle>-0       [000] d..2. 519147242379: suspend_resume: timekeeping_freeze[0] begin
          <idle>-0       [001] dN.2. 521596675996: suspend_resume: timekeeping_freeze[1] end
            bash-8746    [006] ..... 521597312164: suspend_resume: machine_suspend[1] end
            bash-8746    [006] .l... 521606618591: suspend_resume: dpm_resume_noirq[16] begin
            bash-8746    [017] ..... 523045618139: suspend_resume: dpm_resume_noirq[16] end
            bash-8746    [017] ..... 523046327031: suspend_resume: dpm_resume_early[16] begin
            bash-8746    [002] ..... 523054868554: suspend_resume: dpm_resume_early[16] end
            bash-8746    [002] ..... 523054877321: suspend_resume: dpm_resume[16] begin
            bash-8746    [000] .l... 525761136207: suspend_resume: dpm_resume[16] end
            bash-8746    [000] .l... 525761144167: suspend_resume: dpm_complete[16] begin
            bash-8746    [004] ..... 525794003945: suspend_resume: dpm_complete[16] end
            bash-8746    [004] ..... 525794028129: suspend_resume: console_resume_all[1] begin
            bash-8746    [002] ..... 525794313330: suspend_resume: console_resume_all[1] end
            bash-8746    [002] ..... 525794319104: suspend_resume: thaw_processes[0] begin
            bash-8746    [002] ..... 525803554654: suspend_resume: thaw_processes[0] end
            bash-8746    [004] ...1. 532296377481: tracing_mark_write: cycle control 8
            bash-8746    [024] ..... 532345824878: suspend_resume: suspend_enter[1] begin
            bash-8746    [024] ..... 532345828064: suspend_resume: sync_filesystems[0] begin
            bash-8746    [024] ..... 532384253673: suspend_resume: sync_filesystems[0] end
            bash-8746    [024] ..... 532620462292: suspend_resume: freeze_processes[0] begin
            bash-8746    [012] ..... 532633775825: suspend_resume: freeze_processes[0] end
            bash-8746    [012] ..... 532633780245: suspend_resume: suspend_enter[1] end
            bash-8746    [012] ..... 532633874168: suspend_resume: dpm_prepare[2] begin
            bash-8746    [012] ..... 532759714012: suspend_resume: dpm_prepare[2] end
            bash-8746    [012] ..... 532759745564: suspend_resume: dpm_suspend[2] begin
            bash-8746    [004] ..... 533514890988: suspend_resume: dpm_suspend[2] end
            bash-8746    [004] ..... 533514908695: suspend_resume: dpm_suspend_late[2] begin
            bash-8746    [012] ..... 536207556722: suspend_resume: dpm_suspend_late[2] end
            bash-8746    [004] ..... 536209094560: suspend_resume: dpm_suspend_noirq[2] begin
            bash-8746    [019] ..... 538951650572: suspend_resume: dpm_suspend_noirq[2] end
            bash-8746    [006] ..... 538963230725: suspend_resume: machine_suspend[1] begin
          <idle>-0       [026] d..2. 538963638466: suspend_resume: timekeeping_freeze[26] begin
          <idle>-0       [001] dN.2. 543369110956: suspend_resume: timekeeping_freeze[1] end
            bash-8746    [006] ..... 543369674777: suspend_resume: machine_suspend[1] end
            bash-8746    [006] ..... 543378755479: suspend_resume: dpm_resume_noirq[16] begin
            bash-8746    [012] ..... 544826848021: suspend_resume: dpm_resume_noirq[16] end
            bash-8746    [004] ..... 544827697613: suspend_resume: dpm_resume_early[16] begin
            bash-8746    [004] ..... 544834668894: suspend_resume: dpm_resume_early[16] end
            bash-8746    [004] ..... 544834673432: suspend_resume: dpm_resume[16] begin
            bash-8746    [002] .l... 547541753682: suspend_resume: dpm_resume[16] end
            bash-8746    [002] .l... 547541761919: suspend_resume: dpm_complete[16] begin
            bash-8746    [002] ..... 547571471481: suspend_resume: dpm_complete[16] end
            bash-8746    [002] ..... 547571495106: suspend_resume: console_resume_all[1] begin
            bash-8746    [002] ..... 547571993125: suspend_resume: console_resume_all[1] end
            bash-8746    [002] ..... 547571996236: suspend_resume: thaw_processes[0] begin
            bash-8746    [005] ..... 547581067426: suspend_resume: thaw_processes[0] end
            bash-8746    [006] ...1. 553089646222: tracing_mark_write: cycle test 1
            bash-8746    [031] ..... 553138771871: suspend_resume: suspend_enter[1] begin
            bash-8746    [031] ..... 553138775727: suspend_resume: sync_filesystems[0] begin
            bash-8746    [031] ..... 553163636270: suspend_resume: sync_filesystems[0] end
            bash-8746    [031] ..... 553186167741: suspend_resume: freeze_processes[0] begin
            bash-8746    [006] ..... 553199054914: suspend_resume: freeze_processes[0] end
            bash-8746    [006] ..... 553199059883: suspend_resume: suspend_enter[1] end
            bash-8746    [002] ..... 553199180855: suspend_resume: dpm_prepare[2] begin
            bash-8746    [004] ..... 553271435976: suspend_resume: dpm_prepare[2] end
            bash-8746    [004] ..... 553271465389: suspend_resume: dpm_suspend[2] begin
            bash-8746    [011] ..... 554020530790: suspend_resume: dpm_suspend[2] end
            bash-8746    [011] ..... 554020553992: suspend_resume: dpm_suspend_late[2] begin
            bash-8746    [011] ..... 556714404199: suspend_resume: dpm_suspend_late[2] end
            bash-8746    [004] ..... 556716095005: suspend_resume: dpm_suspend_noirq[2] begin
            bash-8746    [018] ..... 559464790593: suspend_resume: dpm_suspend_noirq[2] end
            bash-8746    [004] ..... 559475686838: suspend_resume: machine_suspend[1] begin
          <idle>-0       [031] d..2. 559476100814: suspend_resume: timekeeping_freeze[31] begin
          <idle>-0       [006] dN.2. 559477221177: suspend_resume: timekeeping_freeze[6] end
          <idle>-0       [006] d..2. 559477268886: suspend_resume: timekeeping_freeze[6] begin
          <idle>-0       [002] dN.2. 559478280691: suspend_resume: timekeeping_freeze[2] end
          <idle>-0       [002] d..2. 559478337669: suspend_resume: timekeeping_freeze[2] begin
          <idle>-0       [000] dN.2. 559479269536: suspend_resume: timekeeping_freeze[0] end
          <idle>-0       [000] d..2. 559479317923: suspend_resume: timekeeping_freeze[0] begin
          <idle>-0       [001] dN.2. 567560706825: suspend_resume: timekeeping_freeze[1] end
            bash-8746    [004] ..... 567561256506: suspend_resume: machine_suspend[1] end
            bash-8746    [004] ..... 567569465227: suspend_resume: dpm_resume_noirq[16] begin
            bash-8746    [004] ..... 569017992006: suspend_resume: dpm_resume_noirq[16] end
            bash-8746    [004] ..... 569018646023: suspend_resume: dpm_resume_early[16] begin
            bash-8746    [004] ..... 569025779576: suspend_resume: dpm_resume_early[16] end
            bash-8746    [004] ..... 569025783815: suspend_resume: dpm_resume[16] begin
            bash-8746    [009] ..... 571737161104: suspend_resume: dpm_resume[16] end
            bash-8746    [009] ..... 571737221925: suspend_resume: dpm_complete[16] begin
            bash-8746    [007] ..... 571766800757: suspend_resume: dpm_complete[16] end
            bash-8746    [007] ..... 571766821900: suspend_resume: console_resume_all[1] begin
            bash-8746    [007] ..... 571767113926: suspend_resume: console_resume_all[1] end
            bash-8746    [007] ..... 571767116868: suspend_resume: thaw_processes[0] begin
            bash-8746    [023] ..... 571776721276: suspend_resume: thaw_processes[0] end
            bash-8746    [012] ...1. 578737336097: tracing_mark_write: cycle test 2
            bash-8746    [031] ..... 578791664798: suspend_resume: suspend_enter[1] begin
            bash-8746    [031] ..... 578791668791: suspend_resume: sync_filesystems[0] begin
            bash-8746    [031] ..... 578826570899: suspend_resume: sync_filesystems[0] end
            bash-8746    [031] ..... 579070999976: suspend_resume: freeze_processes[0] begin
            bash-8746    [031] ..... 579083732016: suspend_resume: freeze_processes[0] end
            bash-8746    [031] ..... 579083733755: suspend_resume: suspend_enter[1] end
            bash-8746    [031] ..... 579083862716: suspend_resume: dpm_prepare[2] begin
            bash-8746    [031] ..... 579209285466: suspend_resume: dpm_prepare[2] end
            bash-8746    [031] ..... 579209323627: suspend_resume: dpm_suspend[2] begin
            bash-8746    [010] ..... 582881808810: suspend_resume: dpm_suspend[2] end
            bash-8746    [010] ..... 582881832175: suspend_resume: dpm_suspend_late[2] begin
            bash-8746    [004] ..... 585578324348: suspend_resume: dpm_suspend_late[2] end
            bash-8746    [004] ..... 585579909349: suspend_resume: dpm_suspend_noirq[2] begin
            bash-8746    [020] ..... 588325220633: suspend_resume: dpm_suspend_noirq[2] end
            bash-8746    [004] ..... 588335548557: suspend_resume: machine_suspend[1] begin
          <idle>-0       [027] d..2. 588335964554: suspend_resume: timekeeping_freeze[27] begin
          <idle>-0       [000] dN.2. 588336947237: suspend_resume: timekeeping_freeze[0] end
            bash-8746    [004] ..... 588337205149: suspend_resume: machine_suspend[1] end
            bash-8746    [004] ..... 588337696085: suspend_resume: machine_suspend[1] begin
          <idle>-0       [004] d..2. 588338078995: suspend_resume: timekeeping_freeze[4] begin
          <idle>-0       [008] dN.2. 588339085438: suspend_resume: timekeeping_freeze[8] end
          <idle>-0       [008] d..2. 588339119755: suspend_resume: timekeeping_freeze[8] begin
          <idle>-0       [001] dN.2. 589322580202: suspend_resume: timekeeping_freeze[1] end
            bash-8746    [004] ..... 589323142376: suspend_resume: machine_suspend[1] end
            bash-8746    [004] ..... 589331013638: suspend_resume: dpm_resume_noirq[16] begin
            bash-8746    [012] ..... 590766475573: suspend_resume: dpm_resume_noirq[16] end
            bash-8746    [012] ..... 590767106770: suspend_resume: dpm_resume_early[16] begin
            bash-8746    [012] ..... 590773363196: suspend_resume: dpm_resume_early[16] end
            bash-8746    [012] ..... 590773366803: suspend_resume: dpm_resume[16] begin
            bash-8746    [004] ..... 593477091309: inject: (timekeeping_inject_sleeptime64+0x4/0x70) sec=10797 nsec=806956890
            bash-8746    [004] ..... 593477130475: <stack trace>
 => kprobe_trace_func
 => kprobe_dispatcher
 => kprobe_ftrace_handler
 => 0xffffffffc24d00da
 => timekeeping_inject_sleeptime64
 => rtc_resume
 => dpm_run_callback
 => device_resume
 => dpm_resume
 => dpm_resume_end
 => suspend_devices_and_enter
 => enter_state
 => pm_suspend
 => state_store
 => kernfs_fop_write_iter
 => vfs_write
 => ksys_write
 => do_syscall_64
 => entry_SYSCALL_64_after_hwframe
            bash-8746    [004] .l... 593485121576: suspend_resume: dpm_resume[16] end
            bash-8746    [004] .l... 593485127693: suspend_resume: dpm_complete[16] begin
            bash-8746    [005] ..... 593514390252: suspend_resume: dpm_complete[16] end
            bash-8746    [005] ..... 593514410446: suspend_resume: console_resume_all[1] begin
            bash-8746    [005] ..... 593514738894: suspend_resume: console_resume_all[1] end
            bash-8746    [005] ..... 593514741849: suspend_resume: thaw_processes[0] begin
            bash-8746    [030] ..... 593527886036: suspend_resume: thaw_processes[0] end
            bash-8746    [026] ...1. 600513045332: tracing_mark_write: cycle test 3
            bash-8746    [017] ..... 600564580053: suspend_resume: suspend_enter[1] begin
            bash-8746    [017] ..... 600564583588: suspend_resume: sync_filesystems[0] begin
            bash-8746    [019] ..... 600669901059: suspend_resume: sync_filesystems[0] end
            bash-8746    [019] ..... 600914027848: suspend_resume: freeze_processes[0] begin
            bash-8746    [002] ..... 600926364330: suspend_resume: freeze_processes[0] end
            bash-8746    [002] ..... 600926368923: suspend_resume: suspend_enter[1] end
            bash-8746    [002] ..... 600926465297: suspend_resume: dpm_prepare[2] begin
            bash-8746    [002] ..... 601002716682: suspend_resume: dpm_prepare[2] end
            bash-8746    [002] ..... 601002744575: suspend_resume: dpm_suspend[2] begin
            bash-8746    [006] ..... 601739116061: suspend_resume: dpm_suspend[2] end
            bash-8746    [006] ..... 601739137715: suspend_resume: dpm_suspend_late[2] begin
            bash-8746    [006] ..... 604433146820: suspend_resume: dpm_suspend_late[2] end
            bash-8746    [006] ..... 604434605941: suspend_resume: dpm_suspend_noirq[2] begin
            bash-8746    [021] ..... 607176228957: suspend_resume: dpm_suspend_noirq[2] end
            bash-8746    [004] ..... 607187653570: suspend_resume: machine_suspend[1] begin
            bash-8746    [004] ..... 607188236005: suspend_resume: machine_suspend[1] end
            bash-8746    [004] ..... 607188733585: suspend_resume: machine_suspend[1] begin
          <idle>-0       [031] d..2. 607189296824: suspend_resume: timekeeping_freeze[31] begin
          <idle>-0       [001] dN.2. 611105628238: suspend_resume: timekeeping_freeze[1] end
            bash-8746    [004] ..... 611106180274: suspend_resume: machine_suspend[1] end
            bash-8746    [004] ..... 611117182578: suspend_resume: dpm_resume_noirq[16] begin
            bash-8746    [007] ..... 612580878031: suspend_resume: dpm_resume_noirq[16] end
            bash-8746    [007] ..... 612581559266: suspend_resume: dpm_resume_early[16] begin
            bash-8746    [007] ..... 612589140442: suspend_resume: dpm_resume_early[16] end
            bash-8746    [007] ..... 612589146582: suspend_resume: dpm_resume[16] begin
            bash-8746    [005] ..... 615296703591: suspend_resume: dpm_resume[16] end
            bash-8746    [005] ..... 615296712895: suspend_resume: dpm_complete[16] begin
            bash-8746    [005] ..... 615326165497: suspend_resume: dpm_complete[16] end
            bash-8746    [005] ..... 615326198218: suspend_resume: console_resume_all[1] begin
            bash-8746    [007] ..... 615326509336: suspend_resume: console_resume_all[1] end
            bash-8746    [007] ..... 615326515917: suspend_resume: thaw_processes[0] begin
            bash-8746    [007] ..... 615334976561: suspend_resume: thaw_processes[0] end
            bash-8746    [016] ...1. 621809070664: tracing_mark_write: cycle test 4
            bash-8746    [020] ..... 621859255920: suspend_resume: suspend_enter[1] begin
            bash-8746    [020] ..... 621859259452: suspend_resume: sync_filesystems[0] begin
            bash-8746    [020] ..... 621916661745: suspend_resume: sync_filesystems[0] end
            bash-8746    [020] ..... 622162507423: suspend_resume: freeze_processes[0] begin
            bash-8746    [000] ..... 622175440636: suspend_resume: freeze_processes[0] end
            bash-8746    [000] ..... 622175445123: suspend_resume: suspend_enter[1] end
            bash-8746    [000] ..... 622175523883: suspend_resume: dpm_prepare[2] begin
            bash-8746    [000] ..... 622302300126: suspend_resume: dpm_prepare[2] end
            bash-8746    [000] ..... 622302330311: suspend_resume: dpm_suspend[2] begin
            bash-8746    [010] ..... 623014595730: suspend_resume: dpm_suspend[2] end
            bash-8746    [010] ..... 623014621434: suspend_resume: dpm_suspend_late[2] begin
            bash-8746    [004] ..... 625711001538: suspend_resume: dpm_suspend_late[2] end
            bash-8746    [004] ..... 625712207915: suspend_resume: dpm_suspend_noirq[2] begin
            bash-8746    [015] ..... 628444613329: suspend_resume: dpm_suspend_noirq[2] end
            bash-8746    [004] ..... 628455632054: suspend_resume: machine_suspend[1] begin
          <idle>-0       [026] d..2. 628456011772: suspend_resume: timekeeping_freeze[26] begin
          <idle>-0       [000] dN.2. 628457123621: suspend_resume: timekeeping_freeze[0] end
            bash-8746    [004] ..... 628457422912: suspend_resume: machine_suspend[1] end
            bash-8746    [004] ..... 628457908676: suspend_resume: machine_suspend[1] begin
          <idle>-0       [019] d..2. 628458262553: suspend_resume: timekeeping_freeze[19] begin
          <idle>-0       [010] dN.2. 628459175773: suspend_resume: timekeeping_freeze[10] end
          <idle>-0       [010] d..2. 628459210620: suspend_resume: timekeeping_freeze[10] begin
          <idle>-0       [001] dN.2. 632878098827: suspend_resume: timekeeping_freeze[1] end
            bash-8746    [004] ..... 632878696990: suspend_resume: machine_suspend[1] end
            bash-8746    [004] ..... 632890560268: suspend_resume: dpm_resume_noirq[16] begin
            bash-8746    [002] ..... 634349114872: suspend_resume: dpm_resume_noirq[16] end
            bash-8746    [002] ..... 634349809142: suspend_resume: dpm_resume_early[16] begin
            bash-8746    [002] ..... 634355766180: suspend_resume: dpm_resume_early[16] end
            bash-8746    [002] ..... 634355773570: suspend_resume: dpm_resume[16] begin
            bash-8746    [010] ..... 637068905110: suspend_resume: dpm_resume[16] end
            bash-8746    [010] ..... 637068915055: suspend_resume: dpm_complete[16] begin
            bash-8746    [010] ..... 637098554674: suspend_resume: dpm_complete[16] end
            bash-8746    [010] ..... 637098580022: suspend_resume: console_resume_all[1] begin
            bash-8746    [010] ..... 637098805806: suspend_resume: console_resume_all[1] end
            bash-8746    [010] ..... 637098808836: suspend_resume: thaw_processes[0] begin
            bash-8746    [004] ..... 637106970443: suspend_resume: thaw_processes[0] end
            bash-8746    [004] ...1. 643571637636: tracing_mark_write: cycle test 5
            bash-8746    [017] ..... 643624829238: suspend_resume: suspend_enter[1] begin
            bash-8746    [017] ..... 643624832781: suspend_resume: sync_filesystems[0] begin
            bash-8746    [017] ..... 643665493802: suspend_resume: sync_filesystems[0] end
            bash-8746    [017] ..... 643686884133: suspend_resume: freeze_processes[0] begin
            bash-8746    [017] ..... 643699604070: suspend_resume: freeze_processes[0] end
            bash-8746    [017] ..... 643699606178: suspend_resume: suspend_enter[1] end
            bash-8746    [017] ..... 643699724821: suspend_resume: dpm_prepare[2] begin
            bash-8746    [017] ..... 643752860870: suspend_resume: dpm_prepare[2] end
            bash-8746    [017] ..... 643752889121: suspend_resume: dpm_suspend[2] begin
            bash-8746    [002] .n... 647423536317: suspend_resume: dpm_suspend[2] end
            bash-8746    [004] ..... 647423810910: suspend_resume: dpm_suspend_late[2] begin
            bash-8746    [000] ..... 650119960139: suspend_resume: dpm_suspend_late[2] end
            bash-8746    [004] ..... 650121616948: suspend_resume: dpm_suspend_noirq[2] begin
            bash-8746    [010] ..... 652870960691: suspend_resume: dpm_suspend_noirq[2] end
            bash-8746    [006] ..... 652879852919: suspend_resume: machine_suspend[1] begin
          <idle>-0       [031] d..2. 652880248629: suspend_resume: timekeeping_freeze[31] begin
          <idle>-0       [002] dN.2. 652881513817: suspend_resume: timekeeping_freeze[2] end
          <idle>-0       [031] d..2. 652881600579: suspend_resume: timekeeping_freeze[31] begin
          <idle>-0       [000] dN.2. 657069667805: suspend_resume: timekeeping_freeze[0] end
            bash-8746    [006] ..... 657070436198: suspend_resume: machine_suspend[1] end
            bash-8746    [008] ..... 657078376954: suspend_resume: dpm_resume_noirq[16] begin
            bash-8746    [009] ..... 658537092753: suspend_resume: dpm_resume_noirq[16] end
            bash-8746    [006] ..... 658537942704: suspend_resume: dpm_resume_early[16] begin
            bash-8746    [006] ..... 658545351630: suspend_resume: dpm_resume_early[16] end
            bash-8746    [006] ..... 658545356497: suspend_resume: dpm_resume[16] begin
            bash-8746    [010] ..... 661255276777: suspend_resume: dpm_resume[16] end
            bash-8746    [010] ..... 661255285268: suspend_resume: dpm_complete[16] begin
            bash-8746    [010] ..... 661285047159: suspend_resume: dpm_complete[16] end
            bash-8746    [010] ..... 661285068445: suspend_resume: console_resume_all[1] begin
            bash-8746    [014] ..... 661285430243: suspend_resume: console_resume_all[1] end
            bash-8746    [014] ..... 661285435987: suspend_resume: thaw_processes[0] begin
            bash-8746    [005] ..... 661294082304: suspend_resume: thaw_processes[0] end
            bash-8746    [006] ...1. 667762331860: tracing_mark_write: cycle test 6
            bash-8746    [031] ..... 667814716629: suspend_resume: suspend_enter[1] begin
            bash-8746    [031] ..... 667814720399: suspend_resume: sync_filesystems[0] begin
            bash-8746    [031] ..... 667855980361: suspend_resume: sync_filesystems[0] end
            bash-8746    [031] ..... 668094082711: suspend_resume: freeze_processes[0] begin
            bash-8746    [001] ..... 668107097539: suspend_resume: freeze_processes[0] end
            bash-8746    [001] ..... 668107101432: suspend_resume: suspend_enter[1] end
            bash-8746    [001] ..... 668107188572: suspend_resume: dpm_prepare[2] begin
            bash-8746    [001] ..... 668179680176: suspend_resume: dpm_prepare[2] end
            bash-8746    [001] ..... 668179711308: suspend_resume: dpm_suspend[2] begin
            bash-8746    [004] ..... 668921027307: suspend_resume: dpm_suspend[2] end
            bash-8746    [004] ..... 668921047493: suspend_resume: dpm_suspend_late[2] begin
            bash-8746    [004] ..... 671616920143: suspend_resume: dpm_suspend_late[2] end
            bash-8746    [004] ..... 671618509570: suspend_resume: dpm_suspend_noirq[2] begin
            bash-8746    [012] ..... 674363192544: suspend_resume: dpm_suspend_noirq[2] end
            bash-8746    [006] ..... 674379993431: suspend_resume: dpm_resume_noirq[16] begin
            bash-8746    [014] ..... 675824497830: suspend_resume: dpm_resume_noirq[16] end
            bash-8746    [004] ..... 675825532146: suspend_resume: dpm_resume_early[16] begin
            bash-8746    [004] ..... 675832791497: suspend_resume: dpm_resume_early[16] end
            bash-8746    [004] ..... 675832796088: suspend_resume: dpm_resume[16] begin
            bash-8746    [012] .l... 678542258622: suspend_resume: dpm_resume[16] end
            bash-8746    [012] .l... 678542268196: suspend_resume: dpm_complete[16] begin
            bash-8746    [007] ..... 678572203473: suspend_resume: dpm_complete[16] end
            bash-8746    [007] ..... 678572224574: suspend_resume: console_resume_all[1] begin
            bash-8746    [007] ..... 678573682477: suspend_resume: console_resume_all[1] end
            bash-8746    [007] ..... 678573686018: suspend_resume: thaw_processes[0] begin
            bash-8746    [007] ..... 678581482044: suspend_resume: thaw_processes[0] end
            bash-8746    [012] ...1. 685671324413: tracing_mark_write: cycle test 7
            bash-8746    [029] ..... 685728335735: suspend_resume: suspend_enter[1] begin
            bash-8746    [029] ..... 685728339611: suspend_resume: sync_filesystems[0] begin
            bash-8746    [029] ..... 685809149581: suspend_resume: sync_filesystems[0] end
            bash-8746    [029] ..... 686046050401: suspend_resume: freeze_processes[0] begin
            bash-8746    [026] ..... 686058340634: suspend_resume: freeze_processes[0] end
            bash-8746    [026] ..... 686058346656: suspend_resume: suspend_enter[1] end
            bash-8746    [026] ..... 686058599885: suspend_resume: dpm_prepare[2] begin
            bash-8746    [026] ..... 686185200468: suspend_resume: dpm_prepare[2] end
            bash-8746    [026] ..... 686185242091: suspend_resume: dpm_suspend[2] begin
            bash-8746    [000] ..... 686918176939: suspend_resume: dpm_suspend[2] end
            bash-8746    [000] ..... 686918203966: suspend_resume: dpm_suspend_late[2] begin
            bash-8746    [000] ..... 689613913309: suspend_resume: dpm_suspend_late[2] end
            bash-8746    [004] ..... 689615728339: suspend_resume: dpm_suspend_noirq[2] begin
            bash-8746    [004] ..... 692364148512: suspend_resume: dpm_suspend_noirq[2] end
            bash-8746    [004] ..... 692382539754: suspend_resume: dpm_resume_noirq[16] begin
            bash-8746    [008] ..... 693830020213: suspend_resume: dpm_resume_noirq[16] end
            bash-8746    [006] ..... 693831096994: suspend_resume: dpm_resume_early[16] begin
            bash-8746    [004] ..... 693837917943: suspend_resume: dpm_resume_early[16] end
            bash-8746    [004] ..... 693837922802: suspend_resume: dpm_resume[16] begin
            bash-8746    [004] .l... 696544426104: suspend_resume: dpm_resume[16] end
            bash-8746    [004] .l... 696544436008: suspend_resume: dpm_complete[16] begin
            bash-8746    [004] ..... 696573882545: suspend_resume: dpm_complete[16] end
            bash-8746    [004] ..... 696573903989: suspend_resume: console_resume_all[1] begin
            bash-8746    [002] ..... 696574308175: suspend_resume: console_resume_all[1] end
            bash-8746    [002] ..... 696574313695: suspend_resume: thaw_processes[0] begin
            bash-8746    [002] ..... 696582886066: suspend_resume: thaw_processes[0] end
            bash-8746    [002] ...1. 700675526045: tracing_mark_write: cycle test 8
            bash-8746    [006] ..... 700733226075: suspend_resume: suspend_enter[1] begin
            bash-8746    [006] ..... 700733230773: suspend_resume: sync_filesystems[0] begin
            bash-8746    [006] ..... 700783341687: suspend_resume: sync_filesystems[0] end
            bash-8746    [006] ..... 700798600711: suspend_resume: freeze_processes[0] begin
            bash-8746    [006] ..... 700810321632: suspend_resume: freeze_processes[0] end
            bash-8746    [006] ..... 700810322902: suspend_resume: suspend_enter[1] end
            bash-8746    [006] ..... 700810420881: suspend_resume: dpm_prepare[2] begin
            bash-8746    [006] ..... 700944992576: suspend_resume: dpm_prepare[2] end
            bash-8746    [006] ..... 700945019887: suspend_resume: dpm_suspend[2] begin
            bash-8746    [016] ..... 704614773652: suspend_resume: dpm_suspend[2] end
            bash-8746    [016] ..... 704614801319: suspend_resume: dpm_suspend_late[2] begin
            bash-8746    [002] ..... 707316346845: suspend_resume: dpm_suspend_late[2] end
            bash-8746    [002] ..... 707317717359: suspend_resume: dpm_suspend_noirq[2] begin
            bash-8746    [017] ..... 710069703549: suspend_resume: dpm_suspend_noirq[2] end
            bash-8746    [004] .l... 710090534693: suspend_resume: dpm_resume_noirq[16] begin
            bash-8746    [016] ..... 711533598074: suspend_resume: dpm_resume_noirq[16] end
            bash-8746    [016] .n... 711534374840: suspend_resume: dpm_resume_early[16] begin
            bash-8746    [004] ..... 711541704023: suspend_resume: dpm_resume_early[16] end
            bash-8746    [004] ..... 711541710363: suspend_resume: dpm_resume[16] begin
            bash-8746    [004] ..... 714248825552: suspend_resume: dpm_resume[16] end
            bash-8746    [004] ..... 714248835364: suspend_resume: dpm_complete[16] begin
            bash-8746    [014] ..... 714278827459: suspend_resume: dpm_complete[16] end
            bash-8746    [014] ..... 714278846700: suspend_resume: console_resume_all[1] begin
            bash-8746    [014] ..... 714278962689: suspend_resume: console_resume_all[1] end
            bash-8746    [014] ..... 714278965833: suspend_resume: thaw_processes[0] begin
            bash-8746    [022] ..... 714287704637: suspend_resume: thaw_processes[0] end
            bash-8746    [006] ...1. 718569492562: tracing_mark_write: cycle test 9
            bash-8746    [008] ..... 718622319927: suspend_resume: suspend_enter[1] begin
            bash-8746    [008] ..... 718622322258: suspend_resume: sync_filesystems[0] begin
            bash-8746    [010] ..... 718692429366: suspend_resume: sync_filesystems[0] end
            bash-8746    [010] ..... 718737739996: suspend_resume: freeze_processes[0] begin
            bash-8746    [007] ..... 718750086289: suspend_resume: freeze_processes[0] end
            bash-8746    [007] ..... 718750088222: suspend_resume: suspend_enter[1] end
            bash-8746    [007] ..... 718750178448: suspend_resume: dpm_prepare[2] begin
            bash-8746    [007] ..... 718871006253: suspend_resume: dpm_prepare[2] end
            bash-8746    [007] ..... 718871041036: suspend_resume: dpm_suspend[2] begin
            bash-8746    [007] ..... 719621990978: suspend_resume: dpm_suspend[2] end
            bash-8746    [007] ..... 719622010835: suspend_resume: dpm_suspend_late[2] begin
            bash-8746    [007] ..... 722315675341: suspend_resume: dpm_suspend_late[2] end
            bash-8746    [007] ..... 722316807489: suspend_resume: dpm_suspend_noirq[2] begin
            bash-8746    [016] ..... 725052303203: suspend_resume: dpm_suspend_noirq[2] end
            bash-8746    [002] ..... 725062623742: suspend_resume: machine_suspend[1] begin
          <idle>-0       [019] d..2. 725063016103: suspend_resume: timekeeping_freeze[19] begin
          <idle>-0       [001] dN.2. 732063769669: suspend_resume: timekeeping_freeze[1] end
            bash-8746    [002] ..... 732064334136: suspend_resume: machine_suspend[1] end
            bash-8746    [002] ..... 732074601216: suspend_resume: dpm_resume_noirq[16] begin
            bash-8746    [014] ..... 733528426784: suspend_resume: dpm_resume_noirq[16] end
            bash-8746    [014] ..... 733529111580: suspend_resume: dpm_resume_early[16] begin
            bash-8746    [014] ..... 733536791278: suspend_resume: dpm_resume_early[16] end
            bash-8746    [014] ..... 733536794601: suspend_resume: dpm_resume[16] begin
            bash-8746    [005] ..... 736252681852: suspend_resume: dpm_resume[16] end
            bash-8746    [005] ..... 736252697332: suspend_resume: dpm_complete[16] begin
            bash-8746    [005] ..... 736282244513: suspend_resume: dpm_complete[16] end
            bash-8746    [005] ..... 736282280467: suspend_resume: console_resume_all[1] begin
            bash-8746    [002] ..... 736282793082: suspend_resume: console_resume_all[1] end
            bash-8746    [002] ..... 736282799758: suspend_resume: thaw_processes[0] begin
            bash-8746    [006] ..... 736293767812: suspend_resume: thaw_processes[0] end
            bash-8746    [010] ...1. 743238112209: tracing_mark_write: cycle test 10
            bash-8746    [018] ..... 743290806530: suspend_resume: suspend_enter[1] begin
            bash-8746    [018] ..... 743290809206: suspend_resume: sync_filesystems[0] begin
            bash-8746    [018] ..... 743313211832: suspend_resume: sync_filesystems[0] end
            bash-8746    [018] ..... 743552622783: suspend_resume: freeze_processes[0] begin
            bash-8746    [000] ..... 743565319829: suspend_resume: freeze_processes[0] end
            bash-8746    [000] ..... 743565323347: suspend_resume: suspend_enter[1] end
            bash-8746    [000] ..... 743565402635: suspend_resume: dpm_prepare[2] begin
            bash-8746    [000] ..... 743629585517: suspend_resume: dpm_prepare[2] end
            bash-8746    [000] ..... 743629613428: suspend_resume: dpm_suspend[2] begin
            bash-8746    [004] ..... 744380368642: suspend_resume: dpm_suspend[2] end
            bash-8746    [004] ..... 744380389694: suspend_resume: dpm_suspend_late[2] begin
            bash-8746    [007] ..... 747077279423: suspend_resume: dpm_suspend_late[2] end
            bash-8746    [007] ..... 747078826986: suspend_resume: dpm_suspend_noirq[2] begin
            bash-8746    [007] ..... 749820908261: suspend_resume: dpm_suspend_noirq[2] end
            bash-8746    [007] ..... 749829639844: suspend_resume: machine_suspend[1] begin
          <idle>-0       [006] d..2. 749830102290: suspend_resume: timekeeping_freeze[6] begin
          <idle>-0       [000] dN.2. 750051222706: suspend_resume: timekeeping_freeze[0] end
            bash-8746    [007] ..... 750051590795: suspend_resume: machine_suspend[1] end
            bash-8746    [007] ..... 750052774380: suspend_resume: machine_suspend[1] begin
            bash-8746    [007] ..... 750053466827: suspend_resume: machine_suspend[1] end
            bash-8746    [007] ..... 750054109752: suspend_resume: machine_suspend[1] begin
          <idle>-0       [030] d..2. 750054562103: suspend_resume: timekeeping_freeze[30] begin
          <idle>-0       [002] dN.2. 750055847426: suspend_resume: timekeeping_freeze[2] end
          <idle>-0       [002] d..2. 750055887732: suspend_resume: timekeeping_freeze[2] begin
          <idle>-0       [001] dN.2. 751417046672: suspend_resume: timekeeping_freeze[1] end
            bash-8746    [007] ..... 751417655955: suspend_resume: machine_suspend[1] end
            bash-8746    [007] ..... 751426936670: suspend_resume: dpm_resume_noirq[16] begin
            bash-8746    [016] ..... 752868307259: suspend_resume: dpm_resume_noirq[16] end
            bash-8746    [016] ..... 752869107891: suspend_resume: dpm_resume_early[16] begin
            bash-8746    [004] ..... 752876354138: suspend_resume: dpm_resume_early[16] end
            bash-8746    [004] ..... 752876362580: suspend_resume: dpm_resume[16] begin
            bash-8746    [018] ..... 755576298493: inject: (timekeeping_inject_sleeptime64+0x4/0x70) sec=10798 nsec=47960134
            bash-8746    [018] ..... 755576344426: <stack trace>
 => kprobe_trace_func
 => kprobe_dispatcher
 => kprobe_ftrace_handler
 => 0xffffffffc24d00da
 => timekeeping_inject_sleeptime64
 => rtc_resume
 => dpm_run_callback
 => device_resume
 => dpm_resume
 => dpm_resume_end
 => suspend_devices_and_enter
 => enter_state
 => pm_suspend
 => state_store
 => kernfs_fop_write_iter
 => vfs_write
 => ksys_write
 => do_syscall_64
 => entry_SYSCALL_64_after_hwframe
            bash-8746    [016] ..... 755583670115: suspend_resume: dpm_resume[16] end
            bash-8746    [016] ..... 755583676581: suspend_resume: dpm_complete[16] begin
            bash-8746    [016] ..... 755613790209: suspend_resume: dpm_complete[16] end
            bash-8746    [016] ..... 755613807372: suspend_resume: console_resume_all[1] begin
            bash-8746    [016] ..... 755614292265: suspend_resume: console_resume_all[1] end
            bash-8746    [016] ..... 755614297459: suspend_resume: thaw_processes[0] begin
            bash-8746    [005] ..... 755626093048: suspend_resume: thaw_processes[0] end
            bash-8746    [014] ...1. 763062730973: tracing_mark_write: cycle test 11
            bash-8746    [018] ..... 763123200049: suspend_resume: suspend_enter[1] begin
            bash-8746    [018] ..... 763123204660: suspend_resume: sync_filesystems[0] begin
            bash-8746    [018] ..... 763230186899: suspend_resume: sync_filesystems[0] end
            bash-8746    [000] ..... 763463999546: suspend_resume: freeze_processes[0] begin
            bash-8746    [021] ..... 763476629155: suspend_resume: freeze_processes[0] end
            bash-8746    [021] ..... 763476632945: suspend_resume: suspend_enter[1] end
            bash-8746    [021] ..... 763476751980: suspend_resume: dpm_prepare[2] begin
            bash-8746    [000] ..... 763602024136: suspend_resume: dpm_prepare[2] end
            bash-8746    [000] ..... 763602055850: suspend_resume: dpm_suspend[2] begin
            bash-8746    [016] ..... 767276086920: suspend_resume: dpm_suspend[2] end
            bash-8746    [016] ..... 767276114002: suspend_resume: dpm_suspend_late[2] begin
            bash-8746    [002] ..... 769973135866: suspend_resume: dpm_suspend_late[2] end
            bash-8746    [002] ..... 769974485365: suspend_resume: dpm_suspend_noirq[2] begin
            bash-8746    [019] ..... 772728122485: suspend_resume: dpm_suspend_noirq[2] end
            bash-8746    [006] ..... 772745735628: suspend_resume: dpm_resume_noirq[16] begin
            bash-8746    [016] ..... 774183234434: suspend_resume: dpm_resume_noirq[16] end
            bash-8746    [016] ..... 774183966557: suspend_resume: dpm_resume_early[16] begin
            bash-8746    [002] ..... 774191938574: suspend_resume: dpm_resume_early[16] end
            bash-8746    [002] ..... 774191947232: suspend_resume: dpm_resume[16] begin
            bash-8746    [004] ..... 776900998567: suspend_resume: dpm_resume[16] end
            bash-8746    [004] ..... 776901009012: suspend_resume: dpm_complete[16] begin
            bash-8746    [004] ..... 776930856228: suspend_resume: dpm_complete[16] end
            bash-8746    [004] ..... 776930879247: suspend_resume: console_resume_all[1] begin
            bash-8746    [004] ..... 776931443877: suspend_resume: console_resume_all[1] end
            bash-8746    [004] ..... 776931447580: suspend_resume: thaw_processes[0] begin
            bash-8746    [019] ..... 776941781490: suspend_resume: thaw_processes[0] end
            bash-8746    [030] ...1. 780745120661: tracing_mark_write: cycle test 12
            bash-8746    [017] ..... 780807370170: suspend_resume: suspend_enter[1] begin
            bash-8746    [017] ..... 780807374928: suspend_resume: sync_filesystems[0] begin
            bash-8746    [017] ..... 780851398271: suspend_resume: sync_filesystems[0] end
            bash-8746    [001] ..... 780868159414: suspend_resume: freeze_processes[0] begin
            bash-8746    [007] ..... 780880158863: suspend_resume: freeze_processes[0] end
            bash-8746    [007] ..... 780880161637: suspend_resume: suspend_enter[1] end
            bash-8746    [007] ..... 780880498529: suspend_resume: dpm_prepare[2] begin
            bash-8746    [007] ..... 780998051218: suspend_resume: dpm_prepare[2] end
            bash-8746    [007] ..... 780998087281: suspend_resume: dpm_suspend[2] begin
            bash-8746    [002] ..... 781727053178: suspend_resume: dpm_suspend[2] end
            bash-8746    [002] ..... 781727095675: suspend_resume: dpm_suspend_late[2] begin
            bash-8746    [006] ..... 784422309929: suspend_resume: dpm_suspend_late[2] end
            bash-8746    [006] ..... 784423804564: suspend_resume: dpm_suspend_noirq[2] begin
            bash-8746    [010] ..... 787152590337: suspend_resume: dpm_suspend_noirq[2] end
            bash-8746    [006] ..... 787165111372: suspend_resume: machine_suspend[1] begin
            bash-8746    [006] ..... 787165771519: suspend_resume: machine_suspend[1] end
            bash-8746    [006] ..... 787166212978: suspend_resume: machine_suspend[1] begin
          <idle>-0       [027] d..2. 787166553663: suspend_resume: timekeeping_freeze[27] begin
          <idle>-0       [000] dN.2. 787167825912: suspend_resume: timekeeping_freeze[0] end
          <idle>-0       [000] d..2. 787167888808: suspend_resume: timekeeping_freeze[0] begin
          <idle>-0       [000] dN.2. 794961987549: suspend_resume: timekeeping_freeze[0] end
            bash-8746    [006] ..... 794962630487: suspend_resume: machine_suspend[1] end
            bash-8746    [006] ..... 794971947248: suspend_resume: dpm_resume_noirq[16] begin
            bash-8746    [006] ..... 796427678796: suspend_resume: dpm_resume_noirq[16] end
            bash-8746    [006] ..... 796428453627: suspend_resume: dpm_resume_early[16] begin
            bash-8746    [004] ..... 796434465251: suspend_resume: dpm_resume_early[16] end
            bash-8746    [004] ..... 796434469436: suspend_resume: dpm_resume[16] begin
            bash-8746    [002] ..... 799146486835: suspend_resume: dpm_resume[16] end
            bash-8746    [002] ..... 799146496053: suspend_resume: dpm_complete[16] begin
            bash-8746    [004] ..... 799177826122: suspend_resume: dpm_complete[16] end
            bash-8746    [004] ..... 799177850515: suspend_resume: console_resume_all[1] begin
            bash-8746    [004] ..... 799178136220: suspend_resume: console_resume_all[1] end
            bash-8746    [004] ..... 799178139557: suspend_resume: thaw_processes[0] begin
            bash-8746    [004] ..... 799187795272: suspend_resume: thaw_processes[0] end
            bash-8746    [008] ...1. 805654764422: tracing_mark_write: cycle test 13
            bash-8746    [022] ..... 805718808705: suspend_resume: suspend_enter[1] begin
            bash-8746    [022] ..... 805718812780: suspend_resume: sync_filesystems[0] begin
            bash-8746    [022] ..... 805756031064: suspend_resume: sync_filesystems[0] end
            bash-8746    [022] ..... 805994541929: suspend_resume: freeze_processes[0] begin
            bash-8746    [000] ..... 806007404669: suspend_resume: freeze_processes[0] end
            bash-8746    [000] ..... 806007409268: suspend_resume: suspend_enter[1] end
            bash-8746    [000] ..... 806007490597: suspend_resume: dpm_prepare[2] begin
            bash-8746    [000] ..... 806070075575: suspend_resume: dpm_prepare[2] end
            bash-8746    [000] ..... 806070094038: suspend_resume: dpm_suspend[2] begin
            bash-8746    [006] ..... 806802677361: suspend_resume: dpm_suspend[2] end
            bash-8746    [006] ..... 806802697206: suspend_resume: dpm_suspend_late[2] begin
            bash-8746    [006] ..... 809496147344: suspend_resume: dpm_suspend_late[2] end
            bash-8746    [006] ..... 809497441306: suspend_resume: dpm_suspend_noirq[2] begin
            bash-8746    [004] ..... 812236701585: suspend_resume: dpm_suspend_noirq[2] end
            bash-8746    [004] ..... 812245298990: suspend_resume: machine_suspend[1] begin
          <idle>-0       [023] d..2. 812245670019: suspend_resume: timekeeping_freeze[23] begin
          <idle>-0       [001] dN.2. 814315318200: suspend_resume: timekeeping_freeze[1] end
            bash-8746    [004] ..... 814315878142: suspend_resume: machine_suspend[1] end
            bash-8746    [004] ..... 814324938078: suspend_resume: dpm_resume_noirq[16] begin
            bash-8746    [006] ..... 815762300733: suspend_resume: dpm_resume_noirq[16] end
            bash-8746    [006] ..... 815763022680: suspend_resume: dpm_resume_early[16] begin
            bash-8746    [006] ..... 815769473472: suspend_resume: dpm_resume_early[16] end
            bash-8746    [006] ..... 815769477599: suspend_resume: dpm_resume[16] begin
            bash-8746    [014] ..... 818463688512: inject: (timekeeping_inject_sleeptime64+0x4/0x70) sec=10798 nsec=253911957
            bash-8746    [014] ..... 818463739343: <stack trace>
 => kprobe_trace_func
 => kprobe_dispatcher
 => kprobe_ftrace_handler
 => 0xffffffffc24d00da
 => timekeeping_inject_sleeptime64
 => rtc_resume
 => dpm_run_callback
 => device_resume
 => dpm_resume
 => dpm_resume_end
 => suspend_devices_and_enter
 => enter_state
 => pm_suspend
 => state_store
 => kernfs_fop_write_iter
 => vfs_write
 => ksys_write
 => do_syscall_64
 => entry_SYSCALL_64_after_hwframe
            bash-8746    [004] ..... 818471300552: suspend_resume: dpm_resume[16] end
            bash-8746    [004] ..... 818471308937: suspend_resume: dpm_complete[16] begin
            bash-8746    [006] ..... 818502883041: suspend_resume: dpm_complete[16] end
            bash-8746    [006] ..... 818502905550: suspend_resume: console_resume_all[1] begin
            bash-8746    [004] ..... 818503272721: suspend_resume: console_resume_all[1] end
            bash-8746    [004] ..... 818503278126: suspend_resume: thaw_processes[0] begin
            bash-8746    [014] ..... 818512487084: suspend_resume: thaw_processes[0] end
            bash-8746    [012] ...1. 824532783544: tracing_mark_write: cycle test 14
            bash-8746    [026] ..... 824587852704: suspend_resume: suspend_enter[1] begin
            bash-8746    [026] ..... 824587855795: suspend_resume: sync_filesystems[0] begin
            bash-8746    [026] ..... 824652279473: suspend_resume: sync_filesystems[0] end
            bash-8746    [026] ..... 824886380793: suspend_resume: freeze_processes[0] begin
            bash-8746    [013] ..... 824897908374: suspend_resume: freeze_processes[0] end
            bash-8746    [013] ..... 824897912284: suspend_resume: suspend_enter[1] end
            bash-8746    [013] ..... 824898004359: suspend_resume: dpm_prepare[2] begin
            bash-8746    [013] ..... 825022307192: suspend_resume: dpm_prepare[2] end
            bash-8746    [013] ..... 825022335565: suspend_resume: dpm_suspend[2] begin
            bash-8746    [008] ..... 828693612221: suspend_resume: dpm_suspend[2] end
            bash-8746    [008] ..... 828693647359: suspend_resume: dpm_suspend_late[2] begin
            bash-8746    [007] ..... 831389986351: suspend_resume: dpm_suspend_late[2] end
            bash-8746    [007] ..... 831391424409: suspend_resume: dpm_suspend_noirq[2] begin
            bash-8746    [007] ..... 834141733631: suspend_resume: dpm_suspend_noirq[2] end
            bash-8746    [007] ..... 834152625985: suspend_resume: machine_suspend[1] begin
          <idle>-0       [027] d..2. 834152996674: suspend_resume: timekeeping_freeze[27] begin
          <idle>-0       [000] dN.2. 834154008148: suspend_resume: timekeeping_freeze[0] end
            bash-8746    [007] ..... 834154321866: suspend_resume: machine_suspend[1] end
            bash-8746    [007] ..... 834154765898: suspend_resume: machine_suspend[1] begin
          <idle>-0       [031] d..2. 834155124509: suspend_resume: timekeeping_freeze[31] begin
          <idle>-0       [008] dN.2. 834156098596: suspend_resume: timekeeping_freeze[8] end
          <idle>-0       [008] d..2. 834156132189: suspend_resume: timekeeping_freeze[8] begin
          <idle>-0       [008] dN.2. 834157073365: suspend_resume: timekeeping_freeze[8] end
          <idle>-0       [008] d..2. 834157091372: suspend_resume: timekeeping_freeze[8] begin
          <idle>-0       [000] dN.2. 836087738385: suspend_resume: timekeeping_freeze[0] end
            bash-8746    [007] ..... 836088329350: suspend_resume: machine_suspend[1] end
            bash-8746    [007] ..... 836096980544: suspend_resume: dpm_resume_noirq[16] begin
            bash-8746    [007] ..... 837535720919: suspend_resume: dpm_resume_noirq[16] end
            bash-8746    [007] ..... 837536460462: suspend_resume: dpm_resume_early[16] begin
            bash-8746    [007] ..... 837542605864: suspend_resume: dpm_resume_early[16] end
            bash-8746    [007] ..... 837542609896: suspend_resume: dpm_resume[16] begin
            bash-8746    [014] ..... 840248201179: inject: (timekeeping_inject_sleeptime64+0x4/0x70) sec=10798 nsec=191877891
            bash-8746    [014] ..... 840248243511: <stack trace>
 => kprobe_trace_func
 => kprobe_dispatcher
 => kprobe_ftrace_handler
 => 0xffffffffc24d00da
 => timekeeping_inject_sleeptime64
 => rtc_resume
 => dpm_run_callback
 => device_resume
 => dpm_resume
 => dpm_resume_end
 => suspend_devices_and_enter
 => enter_state
 => pm_suspend
 => state_store
 => kernfs_fop_write_iter
 => vfs_write
 => ksys_write
 => do_syscall_64
 => entry_SYSCALL_64_after_hwframe
            bash-8746    [004] ..... 840255944032: suspend_resume: dpm_resume[16] end
            bash-8746    [004] ..... 840255952713: suspend_resume: dpm_complete[16] begin
            bash-8746    [004] ..... 840285928386: suspend_resume: dpm_complete[16] end
            bash-8746    [004] ..... 840285950897: suspend_resume: console_resume_all[1] begin
            bash-8746    [017] ..... 840286609155: suspend_resume: console_resume_all[1] end
            bash-8746    [017] ..... 840286616402: suspend_resume: thaw_processes[0] begin
            bash-8746    [005] ..... 840299738104: suspend_resume: thaw_processes[0] end
            bash-8746    [002] ...1. 847760143661: tracing_mark_write: cycle test 15
            bash-8746    [006] ..... 847815036047: suspend_resume: suspend_enter[1] begin
            bash-8746    [006] ..... 847815039264: suspend_resume: sync_filesystems[0] begin
            bash-8746    [008] ..... 847880961710: suspend_resume: sync_filesystems[0] end
            bash-8746    [008] ..... 848123453061: suspend_resume: freeze_processes[0] begin
            bash-8746    [002] ..... 848133954023: suspend_resume: freeze_processes[0] end
            bash-8746    [002] ..... 848133955840: suspend_resume: suspend_enter[1] end
            bash-8746    [002] ..... 848134029487: suspend_resume: dpm_prepare[2] begin
            bash-8746    [002] ..... 848259631380: suspend_resume: dpm_prepare[2] end
            bash-8746    [002] ..... 848259659602: suspend_resume: dpm_suspend[2] begin
            bash-8746    [000] ..... 849025545747: suspend_resume: dpm_suspend[2] end
            bash-8746    [000] ..... 849025566285: suspend_resume: dpm_suspend_late[2] begin
            bash-8746    [000] ..... 851722368219: suspend_resume: dpm_suspend_late[2] end
            bash-8746    [000] ..... 851723903911: suspend_resume: dpm_suspend_noirq[2] begin
            bash-8746    [006] ..... 854466788985: suspend_resume: dpm_suspend_noirq[2] end
            bash-8746    [006] ..... 854475915277: suspend_resume: machine_suspend[1] begin
          <idle>-0       [031] d..2. 854476337746: suspend_resume: timekeeping_freeze[31] begin
          <idle>-0       [006] dN.2. 854477379488: suspend_resume: timekeeping_freeze[6] end
          <idle>-0       [006] d..2. 854477415120: suspend_resume: timekeeping_freeze[6] begin
          <idle>-0       [006] dN.2. 854478362008: suspend_resume: timekeeping_freeze[6] end
          <idle>-0       [006] d..2. 854478390171: suspend_resume: timekeeping_freeze[6] begin
          <idle>-0       [000] dN.2. 854479369774: suspend_resume: timekeeping_freeze[0] end
          <idle>-0       [000] d..2. 854479462173: suspend_resume: timekeeping_freeze[0] begin
          <idle>-0       [001] dN.2. 860279400793: suspend_resume: timekeeping_freeze[1] end
            bash-8746    [006] ..... 860279739123: suspend_resume: machine_suspend[1] end
            bash-8746    [006] ..... 860288470323: suspend_resume: dpm_resume_noirq[16] begin
            bash-8746    [004] ..... 861744902155: suspend_resume: dpm_resume_noirq[16] end
            bash-8746    [004] ..... 861745730140: suspend_resume: dpm_resume_early[16] begin
            bash-8746    [004] ..... 861752738985: suspend_resume: dpm_resume_early[16] end
            bash-8746    [004] ..... 861752744383: suspend_resume: dpm_resume[16] begin
            bash-8746    [019] ..... 864465094433: suspend_resume: dpm_resume[16] end
            bash-8746    [019] ..... 864465106623: suspend_resume: dpm_complete[16] begin
            bash-8746    [014] ..... 864496676434: suspend_resume: dpm_complete[16] end
            bash-8746    [014] ..... 864496720038: suspend_resume: console_resume_all[1] begin
            bash-8746    [014] ..... 864497107931: suspend_resume: console_resume_all[1] end
            bash-8746    [014] ..... 864497113889: suspend_resume: thaw_processes[0] begin
            bash-8746    [015] ..... 864506146708: suspend_resume: thaw_processes[0] end
            bash-8746    [012] ...1. 871942300791: tracing_mark_write: cycle test 16
            bash-8746    [026] ..... 872001566270: suspend_resume: suspend_enter[1] begin
            bash-8746    [026] ..... 872001570554: suspend_resume: sync_filesystems[0] begin
            bash-8746    [026] ..... 872024290956: suspend_resume: sync_filesystems[0] end
            bash-8746    [026] ..... 872267888830: suspend_resume: freeze_processes[0] begin
            bash-8746    [006] ..... 872281975623: suspend_resume: freeze_processes[0] end
            bash-8746    [006] ..... 872281982494: suspend_resume: suspend_enter[1] end
            bash-8746    [006] ..... 872282191524: suspend_resume: dpm_prepare[2] begin
            bash-8746    [006] ..... 872409482173: suspend_resume: dpm_prepare[2] end
            bash-8746    [006] ..... 872409513315: suspend_resume: dpm_suspend[2] begin
            bash-8746    [014] ..... 873149182039: suspend_resume: dpm_suspend[2] end
            bash-8746    [014] ..... 873149208992: suspend_resume: dpm_suspend_late[2] begin
            bash-8746    [004] ..... 875844466217: suspend_resume: dpm_suspend_late[2] end
            bash-8746    [004] ..... 875845842011: suspend_resume: dpm_suspend_noirq[2] begin
            bash-8746    [014] ..... 878590504356: suspend_resume: dpm_suspend_noirq[2] end
            bash-8746    [006] ..... 878600096760: suspend_resume: machine_suspend[1] begin
          <idle>-0       [029] d..2. 878600525377: suspend_resume: timekeeping_freeze[29] begin
          <idle>-0       [029] dN.2. 878601652022: suspend_resume: timekeeping_freeze[29] end
          <idle>-0       [029] d..2. 878601709342: suspend_resume: timekeeping_freeze[29] begin
          <idle>-0       [000] dN.2. 882051827660: suspend_resume: timekeeping_freeze[0] end
            bash-8746    [006] ..... 882052426125: suspend_resume: machine_suspend[1] end
            bash-8746    [006] .l... 882061242221: suspend_resume: dpm_resume_noirq[16] begin
            bash-8746    [012] ..... 883502071117: suspend_resume: dpm_resume_noirq[16] end
            bash-8746    [012] ..... 883502831409: suspend_resume: dpm_resume_early[16] begin
            bash-8746    [004] ..... 883509627425: suspend_resume: dpm_resume_early[16] end
            bash-8746    [004] ..... 883509632261: suspend_resume: dpm_resume[16] begin
            bash-8746    [006] ..... 886220893120: suspend_resume: dpm_resume[16] end
            bash-8746    [006] ..... 886220901918: suspend_resume: dpm_complete[16] begin
            bash-8746    [006] ..... 886250420127: suspend_resume: dpm_complete[16] end
            bash-8746    [006] ..... 886250432511: suspend_resume: console_resume_all[1] begin
            bash-8746    [012] ..... 886251240789: suspend_resume: console_resume_all[1] end
            bash-8746    [012] ..... 886251248034: suspend_resume: thaw_processes[0] begin
            bash-8746    [020] ..... 886259981538: suspend_resume: thaw_processes[0] end
            bash-8746    [024] ...1. 892017327728: tracing_mark_write: cycle test 17
            bash-8746    [000] ..... 892081353131: suspend_resume: suspend_enter[1] begin
            bash-8746    [000] ..... 892081356762: suspend_resume: sync_filesystems[0] begin
            bash-8746    [008] ..... 892117979110: suspend_resume: sync_filesystems[0] end
            bash-8746    [008] ..... 892135436981: suspend_resume: freeze_processes[0] begin
            bash-8746    [025] ..... 892148003712: suspend_resume: freeze_processes[0] end
            bash-8746    [025] ..... 892148007114: suspend_resume: suspend_enter[1] end
            bash-8746    [002] ..... 892148153004: suspend_resume: dpm_prepare[2] begin
            bash-8746    [002] ..... 892263989478: suspend_resume: dpm_prepare[2] end
            bash-8746    [002] ..... 892264019834: suspend_resume: dpm_suspend[2] begin
            bash-8746    [004] ..... 895935143476: suspend_resume: dpm_suspend[2] end
            bash-8746    [004] ..... 895935171676: suspend_resume: dpm_suspend_late[2] begin
            bash-8746    [019] ..... 898631238836: suspend_resume: dpm_suspend_late[2] end
            bash-8746    [002] ..... 898632935788: suspend_resume: dpm_suspend_noirq[2] begin
            bash-8746    [012] ..... 901370171051: suspend_resume: dpm_suspend_noirq[2] end
            bash-8746    [004] ..... 901382003492: suspend_resume: machine_suspend[1] begin
          <idle>-0       [031] d..2. 901382400765: suspend_resume: timekeeping_freeze[31] begin
          <idle>-0       [000] dN.2. 901383519700: suspend_resume: timekeeping_freeze[0] end
            bash-8746    [004] ..... 901383816672: suspend_resume: machine_suspend[1] end
            bash-8746    [004] ..... 901384289794: suspend_resume: machine_suspend[1] begin
          <idle>-0       [022] d..2. 901384663757: suspend_resume: timekeeping_freeze[22] begin
          <idle>-0       [006] dN.2. 901385614081: suspend_resume: timekeeping_freeze[6] end
          <idle>-0       [006] d..2. 901385652915: suspend_resume: timekeeping_freeze[6] begin
          <idle>-0       [006] dN.2. 901386601811: suspend_resume: timekeeping_freeze[6] end
          <idle>-0       [006] d..2. 901386620906: suspend_resume: timekeeping_freeze[6] begin
          <idle>-0       [000] dN.2. 903813830423: suspend_resume: timekeeping_freeze[0] end
            bash-8746    [004] ..... 903814419209: suspend_resume: machine_suspend[1] end
            bash-8746    [004] ..... 903823788175: suspend_resume: dpm_resume_noirq[16] begin
            bash-8746    [004] ..... 905263925493: suspend_resume: dpm_resume_noirq[16] end
            bash-8746    [004] ..... 905264720651: suspend_resume: dpm_resume_early[16] begin
            bash-8746    [004] ..... 905271857746: suspend_resume: dpm_resume_early[16] end
            bash-8746    [004] ..... 905271862229: suspend_resume: dpm_resume[16] begin
            bash-8746    [004] ..... 907982013761: suspend_resume: dpm_resume[16] end
            bash-8746    [004] ..... 907982023758: suspend_resume: dpm_complete[16] begin
            bash-8746    [004] ..... 908011838547: suspend_resume: dpm_complete[16] end
            bash-8746    [004] ..... 908011861444: suspend_resume: console_resume_all[1] begin
            bash-8746    [004] ..... 908013014070: suspend_resume: console_resume_all[1] end
            bash-8746    [004] ..... 908013017980: suspend_resume: thaw_processes[0] begin
            bash-8746    [002] ..... 908022291261: suspend_resume: thaw_processes[0] end
            bash-8746    [000] ...1. 913789091163: tracing_mark_write: cycle test 18
            bash-8746    [006] ..... 913845614956: suspend_resume: suspend_enter[1] begin
            bash-8746    [006] ..... 913845617820: suspend_resume: sync_filesystems[0] begin
            bash-8746    [006] ..... 913883250158: suspend_resume: sync_filesystems[0] end
            bash-8746    [006] ..... 913898048019: suspend_resume: freeze_processes[0] begin
            bash-8746    [006] ..... 913910642132: suspend_resume: freeze_processes[0] end
            bash-8746    [006] ..... 913910644623: suspend_resume: suspend_enter[1] end
            bash-8746    [008] ..... 913910764988: suspend_resume: dpm_prepare[2] begin
            bash-8746    [008] ..... 913989685173: suspend_resume: dpm_prepare[2] end
            bash-8746    [008] ..... 913989730446: suspend_resume: dpm_suspend[2] begin
            bash-8746    [006] ..... 914730330151: suspend_resume: dpm_suspend[2] end
            bash-8746    [006] ..... 914730357828: suspend_resume: dpm_suspend_late[2] begin
            bash-8746    [006] ..... 917426712952: suspend_resume: dpm_suspend_late[2] end
            bash-8746    [006] ..... 917428104270: suspend_resume: dpm_suspend_noirq[2] begin
            bash-8746    [010] ..... 920172111911: suspend_resume: dpm_suspend_noirq[2] end
            bash-8746    [004] ..... 920181496598: suspend_resume: machine_suspend[1] begin
          <idle>-0       [019] d..2. 920181890741: suspend_resume: timekeeping_freeze[19] begin
          <idle>-0       [004] dN.2. 920182913206: suspend_resume: timekeeping_freeze[4] end
          <idle>-0       [004] d..2. 920182962244: suspend_resume: timekeeping_freeze[4] begin
          <idle>-0       [001] dN.2. 928015983926: suspend_resume: timekeeping_freeze[1] end
            bash-8746    [004] ..... 928016586647: suspend_resume: machine_suspend[1] end
            bash-8746    [004] ..... 928026501038: suspend_resume: dpm_resume_noirq[16] begin
            bash-8746    [006] ..... 929478296346: suspend_resume: dpm_resume_noirq[16] end
            bash-8746    [006] ..... 929479001662: suspend_resume: dpm_resume_early[16] begin
            bash-8746    [008] ..... 929485321822: suspend_resume: dpm_resume_early[16] end
            bash-8746    [008] ..... 929485326610: suspend_resume: dpm_resume[16] begin
            bash-8746    [000] ..... 932196434716: suspend_resume: dpm_resume[16] end
            bash-8746    [000] ..... 932196444938: suspend_resume: dpm_complete[16] begin
            bash-8746    [000] ..... 932227945342: suspend_resume: dpm_complete[16] end
            bash-8746    [000] ..... 932227968106: suspend_resume: console_resume_all[1] begin
            bash-8746    [005] ..... 932228347681: suspend_resume: console_resume_all[1] end
            bash-8746    [005] ..... 932228353086: suspend_resume: thaw_processes[0] begin
            bash-8746    [028] ..... 932237182934: suspend_resume: thaw_processes[0] end
            bash-8746    [018] ...1. 939429295208: tracing_mark_write: cycle test 19
            bash-8746    [020] ..... 939486468627: suspend_resume: suspend_enter[1] begin
            bash-8746    [020] ..... 939486472518: suspend_resume: sync_filesystems[0] begin
            bash-8746    [020] ..... 939512140919: suspend_resume: sync_filesystems[0] end
            bash-8746    [020] ..... 939745068080: suspend_resume: freeze_processes[0] begin
            bash-8746    [012] ..... 939758130623: suspend_resume: freeze_processes[0] end
            bash-8746    [012] ..... 939758134980: suspend_resume: suspend_enter[1] end
            bash-8746    [012] ..... 939758240706: suspend_resume: dpm_prepare[2] begin
            bash-8746    [006] ..... 939813577343: suspend_resume: dpm_prepare[2] end
            bash-8746    [006] ..... 939813602271: suspend_resume: dpm_suspend[2] begin
            bash-8746    [014] ..... 940554507845: suspend_resume: dpm_suspend[2] end
            bash-8746    [014] ..... 940554534289: suspend_resume: dpm_suspend_late[2] begin
            bash-8746    [004] ..... 943249376799: suspend_resume: dpm_suspend_late[2] end
            bash-8746    [004] ..... 943250724899: suspend_resume: dpm_suspend_noirq[2] begin
            bash-8746    [004] ..... 945996060667: suspend_resume: dpm_suspend_noirq[2] end
            bash-8746    [004] ..... 946013240113: suspend_resume: dpm_resume_noirq[16] begin
            bash-8746    [004] ..... 947449349281: suspend_resume: dpm_resume_noirq[16] end
            bash-8746    [004] ..... 947450060614: suspend_resume: dpm_resume_early[16] begin
            bash-8746    [011] ..... 947457542904: suspend_resume: dpm_resume_early[16] end
            bash-8746    [011] ..... 947457547597: suspend_resume: dpm_resume[16] begin
            bash-8746    [011] .l... 950169933641: suspend_resume: dpm_resume[16] end
            bash-8746    [011] .l... 950169944183: suspend_resume: dpm_complete[16] begin
            bash-8746    [011] ..... 950199860460: suspend_resume: dpm_complete[16] end
            bash-8746    [011] ..... 950199881825: suspend_resume: console_resume_all[1] begin
            bash-8746    [011] ..... 950200236296: suspend_resume: console_resume_all[1] end
            bash-8746    [011] ..... 950200240228: suspend_resume: thaw_processes[0] begin
            bash-8746    [005] ..... 950209356202: suspend_resume: thaw_processes[0] end
            bash-8746    [006] ...1. 956369652257: tracing_mark_write: cycle test 20
            bash-8746    [022] ..... 956426485713: suspend_resume: suspend_enter[1] begin
            bash-8746    [022] ..... 956426488444: suspend_resume: sync_filesystems[0] begin
            bash-8746    [022] ..... 956483795227: suspend_resume: sync_filesystems[0] end
            bash-8746    [022] ..... 956728762771: suspend_resume: freeze_processes[0] begin
            bash-8746    [004] ..... 956742075079: suspend_resume: freeze_processes[0] end
            bash-8746    [004] ..... 956742078643: suspend_resume: suspend_enter[1] end
            bash-8746    [004] ..... 956742503145: suspend_resume: dpm_prepare[2] begin
            bash-8746    [004] ..... 956868818127: suspend_resume: dpm_prepare[2] end
            bash-8746    [004] ..... 956868848066: suspend_resume: dpm_suspend[2] begin
            bash-8746    [014] ..... 960534694694: suspend_resume: dpm_suspend[2] end
            bash-8746    [014] ..... 960534722981: suspend_resume: dpm_suspend_late[2] begin
            bash-8746    [014] ..... 963232998715: suspend_resume: dpm_suspend_late[2] end
            bash-8746    [014] ..... 963234548693: suspend_resume: dpm_suspend_noirq[2] begin
            bash-8746    [000] ..... 965985393326: suspend_resume: dpm_suspend_noirq[2] end
            bash-8746    [000] ..... 965996195899: suspend_resume: machine_suspend[1] begin
          <idle>-0       [024] d..2. 965996547664: suspend_resume: timekeeping_freeze[24] begin
          <idle>-0       [000] dN.2. 965997720223: suspend_resume: timekeeping_freeze[0] end
            bash-8746    [002] ..... 965998036828: suspend_resume: machine_suspend[1] end
            bash-8746    [002] ..... 965998505370: suspend_resume: machine_suspend[1] begin
          <idle>-0       [004] d..2. 965998804402: suspend_resume: timekeeping_freeze[4] begin
          <idle>-0       [000] dN.2. 965999783985: suspend_resume: timekeeping_freeze[0] end
          <idle>-0       [000] d..2. 965999820730: suspend_resume: timekeeping_freeze[0] begin
          <idle>-0       [000] dN.2. 966000762160: suspend_resume: timekeeping_freeze[0] end
          <idle>-0       [000] d..2. 966000787364: suspend_resume: timekeeping_freeze[0] begin
          <idle>-0       [003] dN.2. 966001788771: suspend_resume: timekeeping_freeze[3] end
          <idle>-0       [003] d..2. 966001847270: suspend_resume: timekeeping_freeze[3] begin
          <idle>-0       [001] dN.2. 969141737828: suspend_resume: timekeeping_freeze[1] end
            bash-8746    [002] ..... 969142072102: suspend_resume: machine_suspend[1] end
            bash-8746    [002] ..... 969151166290: suspend_resume: dpm_resume_noirq[16] begin
            bash-8746    [014] ..... 970590834696: suspend_resume: dpm_resume_noirq[16] end
            bash-8746    [014] ..... 970591539107: suspend_resume: dpm_resume_early[16] begin
            bash-8746    [004] ..... 970597834392: suspend_resume: dpm_resume_early[16] end
            bash-8746    [004] ..... 970597838654: suspend_resume: dpm_resume[16] begin
            bash-8746    [005] ..... 973306986492: suspend_resume: dpm_resume[16] end
            bash-8746    [005] ..... 973306994363: suspend_resume: dpm_complete[16] begin
            bash-8746    [005] ..... 973336968351: suspend_resume: dpm_complete[16] end
            bash-8746    [005] ..... 973336992982: suspend_resume: console_resume_all[1] begin
            bash-8746    [005] ..... 973337327467: suspend_resume: console_resume_all[1] end
            bash-8746    [005] ..... 973337331205: suspend_resume: thaw_processes[0] begin
            bash-8746    [013] ..... 973349061776: suspend_resume: thaw_processes[0] end
            bash-8746    [016] ...1. 980315273618: tracing_mark_write: cycle test 21
            bash-8746    [024] ..... 980372169197: suspend_resume: suspend_enter[1] begin
            bash-8746    [024] ..... 980372173761: suspend_resume: sync_filesystems[0] begin
            bash-8746    [024] ..... 980388783689: suspend_resume: sync_filesystems[0] end
            bash-8746    [024] ..... 980632087031: suspend_resume: freeze_processes[0] begin
            bash-8746    [008] ..... 980645533892: suspend_resume: freeze_processes[0] end
            bash-8746    [008] ..... 980645538861: suspend_resume: suspend_enter[1] end
            bash-8746    [008] ..... 980645620165: suspend_resume: dpm_prepare[2] begin
            bash-8746    [008] ..... 980698506229: suspend_resume: dpm_prepare[2] end
            bash-8746    [008] ..... 980698527799: suspend_resume: dpm_suspend[2] begin
            bash-8746    [007] ..... 981434565532: suspend_resume: dpm_suspend[2] end
            bash-8746    [007] ..... 981434591481: suspend_resume: dpm_suspend_late[2] begin
            bash-8746    [007] ..... 984128504500: suspend_resume: dpm_suspend_late[2] end
            bash-8746    [007] ..... 984129847912: suspend_resume: dpm_suspend_noirq[2] begin
            bash-8746    [007] ..... 986879743223: suspend_resume: dpm_suspend_noirq[2] end
            bash-8746    [007] ..... 986888992453: suspend_resume: machine_suspend[1] begin
          <idle>-0       [027] d..2. 986889413761: suspend_resume: timekeeping_freeze[27] begin
          <idle>-0       [027] dN.2. 986890680925: suspend_resume: timekeeping_freeze[27] end
          <idle>-0       [027] d..2. 986890749538: suspend_resume: timekeeping_freeze[27] begin
          <idle>-0       [001] dN.2. 993333442098: suspend_resume: timekeeping_freeze[1] end
            bash-8746    [007] ..... 993334027919: suspend_resume: machine_suspend[1] end
            bash-8746    [007] .l... 993343046505: suspend_resume: dpm_resume_noirq[16] begin
            bash-8746    [007] ..... 994800061845: suspend_resume: dpm_resume_noirq[16] end
            bash-8746    [007] ..... 994800843423: suspend_resume: dpm_resume_early[16] begin
            bash-8746    [007] ..... 994807937456: suspend_resume: dpm_resume_early[16] end
            bash-8746    [007] ..... 994807945514: suspend_resume: dpm_resume[16] begin
            bash-8746    [007] .l... 997518600236: suspend_resume: dpm_resume[16] end
            bash-8746    [007] .l... 997518617083: suspend_resume: dpm_complete[16] begin
            bash-8746    [007] ..... 997548154790: suspend_resume: dpm_complete[16] end
            bash-8746    [007] ..... 997548178077: suspend_resume: console_resume_all[1] begin
            bash-8746    [007] ..... 997548491604: suspend_resume: console_resume_all[1] end
            bash-8746    [007] ..... 997548496280: suspend_resume: thaw_processes[0] begin
            bash-8746    [005] ..... 997557485279: suspend_resume: thaw_processes[0] end
            bash-8746    [010] ...1. 1005242630247: tracing_mark_write: cycle test 22
            bash-8746    [028] ..... 1005303403537: suspend_resume: suspend_enter[1] begin
            bash-8746    [028] ..... 1005303406590: suspend_resume: sync_filesystems[0] begin
            bash-8746    [028] ..... 1005344989876: suspend_resume: sync_filesystems[0] end
            bash-8746    [028] ..... 1005599643881: suspend_resume: freeze_processes[0] begin
            bash-8746    [004] ..... 1005612651919: suspend_resume: freeze_processes[0] end
            bash-8746    [004] ..... 1005612656595: suspend_resume: suspend_enter[1] end
            bash-8746    [004] ..... 1005612746545: suspend_resume: dpm_prepare[2] begin
            bash-8746    [004] ..... 1005683976190: suspend_resume: dpm_prepare[2] end
            bash-8746    [004] ..... 1005684003892: suspend_resume: dpm_suspend[2] begin
            bash-8746    [006] ..... 1006419873416: suspend_resume: dpm_suspend[2] end
            bash-8746    [006] ..... 1006419898513: suspend_resume: dpm_suspend_late[2] begin
            bash-8746    [006] ..... 1009116097524: suspend_resume: dpm_suspend_late[2] end
            bash-8746    [006] ..... 1009117444377: suspend_resume: dpm_suspend_noirq[2] begin
            bash-8746    [030] ..... 1011867657921: suspend_resume: dpm_suspend_noirq[2] end
            bash-8746    [004] ..... 1011878316270: suspend_resume: machine_suspend[1] begin
          <idle>-0       [027] d..2. 1011878733587: suspend_resume: timekeeping_freeze[27] begin
          <idle>-0       [004] dN.2. 1011879957002: suspend_resume: timekeeping_freeze[4] end
          <idle>-0       [004] d..2. 1011879997238: suspend_resume: timekeeping_freeze[4] begin
          <idle>-0       [001] dN.2. 1017525031432: suspend_resume: timekeeping_freeze[1] end
            bash-8746    [004] ..... 1017525717489: suspend_resume: machine_suspend[1] end
            bash-8746    [003] ..... 1017536606038: suspend_resume: dpm_resume_noirq[16] begin
            bash-8746    [003] ..... 1018993325765: suspend_resume: dpm_resume_noirq[16] end
            bash-8746    [006] ..... 1018994296195: suspend_resume: dpm_resume_early[16] begin
            bash-8746    [006] ..... 1019000649521: suspend_resume: dpm_resume_early[16] end
            bash-8746    [006] ..... 1019000653431: suspend_resume: dpm_resume[16] begin
            bash-8746    [005] ..... 1021710540526: suspend_resume: dpm_resume[16] end
            bash-8746    [005] ..... 1021710550041: suspend_resume: dpm_complete[16] begin
            bash-8746    [005] ..... 1021740560353: suspend_resume: dpm_complete[16] end
            bash-8746    [005] ..... 1021740583541: suspend_resume: console_resume_all[1] begin
            bash-8746    [012] ..... 1021740988973: suspend_resume: console_resume_all[1] end
            bash-8746    [012] ..... 1021740995710: suspend_resume: thaw_processes[0] begin
            bash-8746    [008] ..... 1021754186097: suspend_resume: thaw_processes[0] end
            bash-8746    [008] ...1. 1027978283246: tracing_mark_write: cycle test 23
            bash-8746    [004] ..... 1028045975272: suspend_resume: suspend_enter[1] begin
            bash-8746    [004] ..... 1028045977926: suspend_resume: sync_filesystems[0] begin
            bash-8746    [004] ..... 1028077443667: suspend_resume: sync_filesystems[0] end
            bash-8746    [004] ..... 1028091932002: suspend_resume: freeze_processes[0] begin
            bash-8746    [004] ..... 1028103841256: suspend_resume: freeze_processes[0] end
            bash-8746    [004] ..... 1028103842540: suspend_resume: suspend_enter[1] end
            bash-8746    [004] ..... 1028103948342: suspend_resume: dpm_prepare[2] begin
            bash-8746    [004] ..... 1028163066584: suspend_resume: dpm_prepare[2] end
            bash-8746    [004] ..... 1028163085655: suspend_resume: dpm_suspend[2] begin
            bash-8746    [004] ..... 1031831933507: suspend_resume: dpm_suspend[2] end
            bash-8746    [004] ..... 1031831968527: suspend_resume: dpm_suspend_late[2] begin
            bash-8746    [004] ..... 1034528737006: suspend_resume: dpm_suspend_late[2] end
            bash-8746    [004] ..... 1034530281856: suspend_resume: dpm_suspend_noirq[2] begin
            bash-8746    [000] ..... 1037276012813: suspend_resume: dpm_suspend_noirq[2] end
            bash-8746    [006] ..... 1037288119752: suspend_resume: machine_suspend[1] begin
          <idle>-0       [026] d..2. 1037288532798: suspend_resume: timekeeping_freeze[26] begin
          <idle>-0       [006] dN.2. 1037289692767: suspend_resume: timekeeping_freeze[6] end
            bash-8746    [006] ..... 1037289782412: suspend_resume: machine_suspend[1] end
            bash-8746    [006] ..... 1037290316089: suspend_resume: machine_suspend[1] begin
          <idle>-0       [031] d..2. 1037290689869: suspend_resume: timekeeping_freeze[31] begin
          <idle>-0       [004] dN.2. 1037291687879: suspend_resume: timekeeping_freeze[4] end
          <idle>-0       [004] d..2. 1037291750690: suspend_resume: timekeeping_freeze[4] begin
          <idle>-0       [000] dN.2. 1041716616646: suspend_resume: timekeeping_freeze[0] end
            bash-8746    [006] ..... 1041717215312: suspend_resume: machine_suspend[1] end
            bash-8746    [006] ..... 1041727022018: suspend_resume: dpm_resume_noirq[16] begin
            bash-8746    [014] ..... 1043184786085: suspend_resume: dpm_resume_noirq[16] end
            bash-8746    [014] ..... 1043185509182: suspend_resume: dpm_resume_early[16] begin
            bash-8746    [014] ..... 1043191837975: suspend_resume: dpm_resume_early[16] end
            bash-8746    [014] ..... 1043191842519: suspend_resume: dpm_resume[16] begin
            bash-8746    [002] ..... 1045904171043: suspend_resume: dpm_resume[16] end
            bash-8746    [002] ..... 1045904180780: suspend_resume: dpm_complete[16] begin
            bash-8746    [002] ..... 1045933961012: suspend_resume: dpm_complete[16] end
            bash-8746    [002] ..... 1045933982399: suspend_resume: console_resume_all[1] begin
            bash-8746    [002] ..... 1045934487324: suspend_resume: console_resume_all[1] end
            bash-8746    [002] ..... 1045934492445: suspend_resume: thaw_processes[0] begin
            bash-8746    [005] ..... 1045943550894: suspend_resume: thaw_processes[0] end
            bash-8746    [012] ...1. 1052164226066: tracing_mark_write: cycle test 24
            bash-8746    [024] ..... 1052223108566: suspend_resume: suspend_enter[1] begin
            bash-8746    [024] ..... 1052223111415: suspend_resume: sync_filesystems[0] begin
            bash-8746    [024] ..... 1052246283295: suspend_resume: sync_filesystems[0] end
            bash-8746    [024] ..... 1052493339628: suspend_resume: freeze_processes[0] begin
            bash-8746    [004] ..... 1052507317839: suspend_resume: freeze_processes[0] end
            bash-8746    [004] ..... 1052507322367: suspend_resume: suspend_enter[1] end
            bash-8746    [002] ..... 1052507453675: suspend_resume: dpm_prepare[2] begin
            bash-8746    [002] ..... 1052553953368: suspend_resume: dpm_prepare[2] end
            bash-8746    [002] ..... 1052553971542: suspend_resume: dpm_suspend[2] begin
            bash-8746    [004] ..... 1053298259429: suspend_resume: dpm_suspend[2] end
            bash-8746    [004] ..... 1053298281030: suspend_resume: dpm_suspend_late[2] begin
            bash-8746    [014] ..... 1055994185178: suspend_resume: dpm_suspend_late[2] end
            bash-8746    [014] ..... 1055995679727: suspend_resume: dpm_suspend_noirq[2] begin
            bash-8746    [006] ..... 1058745181297: suspend_resume: dpm_suspend_noirq[2] end
            bash-8746    [006] ..... 1058754459530: suspend_resume: machine_suspend[1] begin
          <idle>-0       [020] d..2. 1058754896032: suspend_resume: timekeeping_freeze[20] begin
          <idle>-0       [001] dN.2. 1063489159531: suspend_resume: timekeeping_freeze[1] end
            bash-8746    [006] ..... 1063489765906: suspend_resume: machine_suspend[1] end
            bash-8746    [006] ..... 1063497988288: suspend_resume: dpm_resume_noirq[16] begin
            bash-8746    [010] ..... 1064947165978: suspend_resume: dpm_resume_noirq[16] end
            bash-8746    [010] ..... 1064947906238: suspend_resume: dpm_resume_early[16] begin
            bash-8746    [006] ..... 1064955827718: suspend_resume: dpm_resume_early[16] end
            bash-8746    [006] ..... 1064955847577: suspend_resume: dpm_resume[16] begin
            bash-8746    [000] .l... 1067665092212: suspend_resume: dpm_resume[16] end
            bash-8746    [000] .l... 1067665103178: suspend_resume: dpm_complete[16] begin
            bash-8746    [006] ..... 1067695627357: suspend_resume: dpm_complete[16] end
            bash-8746    [006] ..... 1067695648241: suspend_resume: console_resume_all[1] begin
            bash-8746    [016] ..... 1067696093898: suspend_resume: console_resume_all[1] end
            bash-8746    [016] ..... 1067696102000: suspend_resume: thaw_processes[0] begin
            bash-8746    [004] ..... 1067706147148: suspend_resume: thaw_processes[0] end
            bash-8746    [008] ...1. 1073937880856: tracing_mark_write: cycle test 25
            bash-8746    [019] ..... 1074000547975: suspend_resume: suspend_enter[1] begin
            bash-8746    [019] ..... 1074000550959: suspend_resume: sync_filesystems[0] begin
            bash-8746    [019] ..... 1074033126547: suspend_resume: sync_filesystems[0] end
            bash-8746    [019] ..... 1074289319399: suspend_resume: freeze_processes[0] begin
            bash-8746    [010] ..... 1074303022003: suspend_resume: freeze_processes[0] end
            bash-8746    [010] ..... 1074303026948: suspend_resume: suspend_enter[1] end
            bash-8746    [010] ..... 1074303189707: suspend_resume: dpm_prepare[2] begin
            bash-8746    [010] ..... 1074348193202: suspend_resume: dpm_prepare[2] end
            bash-8746    [010] ..... 1074348216923: suspend_resume: dpm_suspend[2] begin
            bash-8746    [007] ..... 1075096838645: suspend_resume: dpm_suspend[2] end
            bash-8746    [007] ..... 1075096855044: suspend_resume: dpm_suspend_late[2] begin
            bash-8746    [007] ..... 1077790240559: suspend_resume: dpm_suspend_late[2] end
            bash-8746    [007] ..... 1077791493566: suspend_resume: dpm_suspend_noirq[2] begin
            bash-8746    [007] ..... 1080534817565: suspend_resume: dpm_suspend_noirq[2] end
            bash-8746    [007] ..... 1080544257670: suspend_resume: machine_suspend[1] begin
          <idle>-0       [028] d..2. 1080544704961: suspend_resume: timekeeping_freeze[28] begin
          <idle>-0       [006] dN.2. 1080545912534: suspend_resume: timekeeping_freeze[6] end
          <idle>-0       [006] d..2. 1080545976060: suspend_resume: timekeeping_freeze[6] begin
          <idle>-0       [000] dN.2. 1087680821198: suspend_resume: timekeeping_freeze[0] end
            bash-8746    [007] ..... 1087681390936: suspend_resume: machine_suspend[1] end
            bash-8746    [007] ..... 1087689950831: suspend_resume: dpm_resume_noirq[16] begin
            bash-8746    [007] ..... 1089149905897: suspend_resume: dpm_resume_noirq[16] end
            bash-8746    [007] ..... 1089150706040: suspend_resume: dpm_resume_early[16] begin
            bash-8746    [006] ..... 1089157520853: suspend_resume: dpm_resume_early[16] end
            bash-8746    [006] ..... 1089157524432: suspend_resume: dpm_resume[16] begin
            bash-8746    [024] .l... 1091867821717: suspend_resume: dpm_resume[16] end
            bash-8746    [024] .l... 1091867832906: suspend_resume: dpm_complete[16] begin
            bash-8746    [024] ..... 1091897641224: suspend_resume: dpm_complete[16] end
            bash-8746    [024] ..... 1091897669200: suspend_resume: console_resume_all[1] begin
            bash-8746    [000] ..... 1091899297697: suspend_resume: console_resume_all[1] end
            bash-8746    [000] ..... 1091899307256: suspend_resume: thaw_processes[0] begin
            bash-8746    [007] ..... 1091908503880: suspend_resume: thaw_processes[0] end
            bash-8746    [014] ...1. 1098859611529: tracing_mark_write: cycle test 26
            bash-8746    [025] ..... 1098923301260: suspend_resume: suspend_enter[1] begin
            bash-8746    [025] ..... 1098923304121: suspend_resume: sync_filesystems[0] begin
            bash-8746    [025] ..... 1098958430488: suspend_resume: sync_filesystems[0] end
            bash-8746    [006] ..... 1099194459994: suspend_resume: freeze_processes[0] begin
            bash-8746    [017] ..... 1099205885792: suspend_resume: freeze_processes[0] end
            bash-8746    [017] ..... 1099205888886: suspend_resume: suspend_enter[1] end
            bash-8746    [017] ..... 1099206001505: suspend_resume: dpm_prepare[2] begin
            bash-8746    [000] ..... 1099251397642: suspend_resume: dpm_prepare[2] end
            bash-8746    [000] ..... 1099251418113: suspend_resume: dpm_suspend[2] begin
            bash-8746    [005] ..... 1102917916116: suspend_resume: dpm_suspend[2] end
            bash-8746    [005] ..... 1102917946510: suspend_resume: dpm_suspend_late[2] begin
            bash-8746    [005] ..... 1105605741663: suspend_resume: dpm_suspend_late[2] end
            bash-8746    [005] ..... 1105607208165: suspend_resume: dpm_suspend_noirq[2] begin
            bash-8746    [001] ..... 1108358218002: suspend_resume: dpm_suspend_noirq[2] end
            bash-8746    [004] ..... 1108369272029: suspend_resume: machine_suspend[1] begin
          <idle>-0       [027] d..2. 1108369662374: suspend_resume: timekeeping_freeze[27] begin
          <idle>-0       [000] dN.2. 1108370630983: suspend_resume: timekeeping_freeze[0] end
            bash-8746    [004] ..... 1108370945719: suspend_resume: machine_suspend[1] end
            bash-8746    [004] ..... 1108371417016: suspend_resume: machine_suspend[1] begin
          <idle>-0       [017] d..2. 1108371710628: suspend_resume: timekeeping_freeze[17] begin
          <idle>-0       [000] dN.2. 1111872367482: suspend_resume: timekeeping_freeze[0] end
            bash-8746    [004] ..... 1111872901127: suspend_resume: machine_suspend[1] end
            bash-8746    [004] ..... 1111881741655: suspend_resume: dpm_resume_noirq[16] begin
            bash-8746    [020] ..... 1113323693226: suspend_resume: dpm_resume_noirq[16] end
            bash-8746    [020] ..... 1113324505225: suspend_resume: dpm_resume_early[16] begin
            bash-8746    [000] ..... 1113332617258: suspend_resume: dpm_resume_early[16] end
            bash-8746    [000] ..... 1113332624125: suspend_resume: dpm_resume[16] begin
            bash-8746    [006] .l... 1116043570898: suspend_resume: dpm_resume[16] end
            bash-8746    [006] .l... 1116043586764: suspend_resume: dpm_complete[16] begin
            bash-8746    [007] ..... 1116073787844: suspend_resume: dpm_complete[16] end
            bash-8746    [007] ..... 1116073820800: suspend_resume: console_resume_all[1] begin
            bash-8746    [007] ..... 1116074142919: suspend_resume: console_resume_all[1] end
            bash-8746    [007] ..... 1116074146461: suspend_resume: thaw_processes[0] begin
            bash-8746    [006] ..... 1116087293654: suspend_resume: thaw_processes[0] end
            bash-8746    [008] ...1. 1122811248693: tracing_mark_write: cycle test 27
            bash-8746    [019] ..... 1122886323148: suspend_resume: suspend_enter[1] begin
            bash-8746    [019] ..... 1122886326051: suspend_resume: sync_filesystems[0] begin
            bash-8746    [019] ..... 1122916173355: suspend_resume: sync_filesystems[0] end
            bash-8746    [019] ..... 1123168886690: suspend_resume: freeze_processes[0] begin
            bash-8746    [027] ..... 1123183050862: suspend_resume: freeze_processes[0] end
            bash-8746    [027] ..... 1123183056048: suspend_resume: suspend_enter[1] end
            bash-8746    [027] ..... 1123183404593: suspend_resume: dpm_prepare[2] begin
            bash-8746    [006] ..... 1123233003850: suspend_resume: dpm_prepare[2] end
            bash-8746    [006] ..... 1123233034262: suspend_resume: dpm_suspend[2] begin
            bash-8746    [010] ..... 1123970712733: suspend_resume: dpm_suspend[2] end
            bash-8746    [010] ..... 1123970733185: suspend_resume: dpm_suspend_late[2] begin
            bash-8746    [004] ..... 1126666345330: suspend_resume: dpm_suspend_late[2] end
            bash-8746    [004] ..... 1126667673012: suspend_resume: dpm_suspend_noirq[2] begin
            bash-8746    [017] ..... 1129413875307: suspend_resume: dpm_suspend_noirq[2] end
            bash-8746    [004] ..... 1129429750487: suspend_resume: dpm_resume_noirq[16] begin
            bash-8746    [006] ..... 1130868906321: suspend_resume: dpm_resume_noirq[16] end
            bash-8746    [006] ..... 1130869572631: suspend_resume: dpm_resume_early[16] begin
            bash-8746    [006] ..... 1130877219181: suspend_resume: dpm_resume_early[16] end
            bash-8746    [006] ..... 1130877222975: suspend_resume: dpm_resume[16] begin
            bash-8746    [006] ..... 1133588293336: suspend_resume: dpm_resume[16] end
            bash-8746    [006] ..... 1133588302085: suspend_resume: dpm_complete[16] begin
            bash-8746    [006] ..... 1133617895057: suspend_resume: dpm_complete[16] end
            bash-8746    [006] ..... 1133617916991: suspend_resume: console_resume_all[1] begin
            bash-8746    [004] ..... 1133618451139: suspend_resume: console_resume_all[1] end
            bash-8746    [004] ..... 1133618456230: suspend_resume: thaw_processes[0] begin
            bash-8746    [005] ..... 1133627382696: suspend_resume: thaw_processes[0] end
            bash-8746    [019] ...1. 1140718153816: tracing_mark_write: cycle test 28
            bash-8746    [024] ..... 1140795432428: suspend_resume: suspend_enter[1] begin
            bash-8746    [024] ..... 1140795436987: suspend_resume: sync_filesystems[0] begin
            bash-8746    [024] ..... 1140854239652: suspend_resume: sync_filesystems[0] end
            bash-8746    [014] ..... 1141114660666: suspend_resume: freeze_processes[0] begin
            bash-8746    [005] ..... 1141128214309: suspend_resume: freeze_processes[0] end
            bash-8746    [005] ..... 1141128216693: suspend_resume: suspend_enter[1] end
            bash-8746    [005] ..... 1141128799636: suspend_resume: dpm_prepare[2] begin
            bash-8746    [005] ..... 1141175926175: suspend_resume: dpm_prepare[2] end
            bash-8746    [005] ..... 1141175972602: suspend_resume: dpm_suspend[2] begin
            bash-8746    [005] ..... 1141905467855: suspend_resume: dpm_suspend[2] end
            bash-8746    [005] ..... 1141905491657: suspend_resume: dpm_suspend_late[2] begin
            bash-8746    [005] ..... 1144601875673: suspend_resume: dpm_suspend_late[2] end
            bash-8746    [005] ..... 1144603365863: suspend_resume: dpm_suspend_noirq[2] begin
            bash-8746    [018] ..... 1147351765883: suspend_resume: dpm_suspend_noirq[2] end
            bash-8746    [006] ..... 1147362576339: suspend_resume: machine_suspend[1] begin
            bash-8746    [006] ..... 1147363277376: suspend_resume: machine_suspend[1] end
            bash-8746    [006] ..... 1147363737787: suspend_resume: machine_suspend[1] begin
          <idle>-0       [003] d..2. 1147364051709: suspend_resume: timekeeping_freeze[3] begin
          <idle>-0       [010] dN.2. 1147365034995: suspend_resume: timekeeping_freeze[10] end
          <idle>-0       [010] d..2. 1147365068462: suspend_resume: timekeeping_freeze[10] begin
          <idle>-0       [010] dN.2. 1147366034559: suspend_resume: timekeeping_freeze[10] end
          <idle>-0       [010] d..2. 1147366062161: suspend_resume: timekeeping_freeze[10] begin
          <idle>-0       [000] dN.2. 1147366877497: suspend_resume: timekeeping_freeze[0] end
          <idle>-0       [000] d..2. 1147366935374: suspend_resume: timekeeping_freeze[0] begin
          <idle>-0       [003] dN.2. 1147367905489: suspend_resume: timekeeping_freeze[3] end
          <idle>-0       [003] d..2. 1147367947079: suspend_resume: timekeeping_freeze[3] begin
          <idle>-0       [001] dN.2. 1147368915887: suspend_resume: timekeeping_freeze[1] end
          <idle>-0       [001] d..2. 1147368975001: suspend_resume: timekeeping_freeze[1] begin
          <idle>-0       [004] dN.2. 1147369938464: suspend_resume: timekeeping_freeze[4] end
          <idle>-0       [004] d..2. 1147370042755: suspend_resume: timekeeping_freeze[4] begin
          <idle>-0       [007] dN.2. 1147371012165: suspend_resume: timekeeping_freeze[7] end
          <idle>-0       [007] d..2. 1147371077417: suspend_resume: timekeeping_freeze[7] begin
          <idle>-0       [005] dN.2. 1147372005016: suspend_resume: timekeeping_freeze[5] end
          <idle>-0       [005] d..2. 1147372053661: suspend_resume: timekeeping_freeze[5] begin
          <idle>-0       [008] dN.2. 1147373051605: suspend_resume: timekeeping_freeze[8] end
          <idle>-0       [008] d..2. 1147373095912: suspend_resume: timekeeping_freeze[8] begin
          <idle>-0       [011] dN.2. 1147374065232: suspend_resume: timekeeping_freeze[11] end
          <idle>-0       [009] d..2. 1147374122196: suspend_resume: timekeeping_freeze[9] begin
          <idle>-0       [000] dN.2. 1152998111467: suspend_resume: timekeeping_freeze[0] end
            bash-8746    [006] ..... 1152998723086: suspend_resume: machine_suspend[1] end
            bash-8746    [006] ..... 1153008157811: suspend_resume: dpm_resume_noirq[16] begin
            bash-8746    [018] ..... 1154469417948: suspend_resume: dpm_resume_noirq[16] end
            bash-8746    [018] ..... 1154470182247: suspend_resume: dpm_resume_early[16] begin
            bash-8746    [004] ..... 1154477442645: suspend_resume: dpm_resume_early[16] end
            bash-8746    [004] ..... 1154477450711: suspend_resume: dpm_resume[16] begin
            bash-8746    [007] ..... 1157188886931: suspend_resume: dpm_resume[16] end
            bash-8746    [007] ..... 1157188896135: suspend_resume: dpm_complete[16] begin
            bash-8746    [015] ..... 1157218926030: suspend_resume: dpm_complete[16] end
            bash-8746    [015] ..... 1157218947432: suspend_resume: console_resume_all[1] begin
            bash-8746    [002] ..... 1157219330752: suspend_resume: console_resume_all[1] end
            bash-8746    [002] ..... 1157219336711: suspend_resume: thaw_processes[0] begin
            bash-8746    [002] ..... 1157229181330: suspend_resume: thaw_processes[0] end
            bash-8746    [010] ...1. 1162722773640: tracing_mark_write: cycle test 29
            bash-8746    [027] ..... 1162785691024: suspend_resume: suspend_enter[1] begin
            bash-8746    [027] ..... 1162785694170: suspend_resume: sync_filesystems[0] begin
            bash-8746    [027] ..... 1162808149150: suspend_resume: sync_filesystems[0] end
            bash-8746    [027] ..... 1162814873799: suspend_resume: freeze_processes[0] begin
            bash-8746    [008] ..... 1162826631274: suspend_resume: freeze_processes[0] end
            bash-8746    [008] ..... 1162826634871: suspend_resume: suspend_enter[1] end
            bash-8746    [008] ..... 1162826734076: suspend_resume: dpm_prepare[2] begin
            bash-8746    [006] ..... 1162961334086: suspend_resume: dpm_prepare[2] end
            bash-8746    [006] ..... 1162961364090: suspend_resume: dpm_suspend[2] begin
            bash-8746    [017] ..... 1166631127624: suspend_resume: dpm_suspend[2] end
            bash-8746    [017] ..... 1166631156757: suspend_resume: dpm_suspend_late[2] begin
            bash-8746    [004] ..... 1169329210120: suspend_resume: dpm_suspend_late[2] end
            bash-8746    [004] ..... 1169330730814: suspend_resume: dpm_suspend_noirq[2] begin
            bash-8746    [011] ..... 1172074942837: suspend_resume: dpm_suspend_noirq[2] end
            bash-8746    [004] ..... 1172086406203: suspend_resume: machine_suspend[1] begin
            bash-8746    [004] ..... 1172087062561: suspend_resume: machine_suspend[1] end
            bash-8746    [004] ..... 1172087508333: suspend_resume: machine_suspend[1] begin
          <idle>-0       [009] d..2. 1172087826841: suspend_resume: timekeeping_freeze[9] begin
          <idle>-0       [004] dN.2. 1172088789934: suspend_resume: timekeeping_freeze[4] end
          <idle>-0       [004] d..2. 1172088822373: suspend_resume: timekeeping_freeze[4] begin
          <idle>-0       [000] dN.2. 1177189761169: suspend_resume: timekeeping_freeze[0] end
            bash-8746    [004] ..... 1177190359364: suspend_resume: machine_suspend[1] end
            bash-8746    [004] ..... 1177198991801: suspend_resume: dpm_resume_noirq[16] begin
            bash-8746    [012] ..... 1178647161042: suspend_resume: dpm_resume_noirq[16] end
            bash-8746    [012] ..... 1178647930766: suspend_resume: dpm_resume_early[16] begin
            bash-8746    [011] ..... 1178654643758: suspend_resume: dpm_resume_early[16] end
            bash-8746    [011] ..... 1178654648568: suspend_resume: dpm_resume[16] begin
            bash-8746    [014] ..... 1181362709112: suspend_resume: dpm_resume[16] end
            bash-8746    [014] ..... 1181362717621: suspend_resume: dpm_complete[16] begin
            bash-8746    [011] ..... 1181392903094: suspend_resume: dpm_complete[16] end
            bash-8746    [011] ..... 1181392924971: suspend_resume: console_resume_all[1] begin
            bash-8746    [010] ..... 1181393098217: suspend_resume: console_resume_all[1] end
            bash-8746    [010] ..... 1181393103119: suspend_resume: thaw_processes[0] begin
            bash-8746    [028] ..... 1181403867881: suspend_resume: thaw_processes[0] end
            bash-8746    [010] ...1. 1187398128292: tracing_mark_write: cycle test 30
            bash-8746    [026] ..... 1187460975817: suspend_resume: suspend_enter[1] begin
            bash-8746    [026] ..... 1187460978557: suspend_resume: sync_filesystems[0] begin
            bash-8746    [026] ..... 1187499633463: suspend_resume: sync_filesystems[0] end
            bash-8746    [004] ..... 1187510258822: suspend_resume: freeze_processes[0] begin
            bash-8746    [024] ..... 1187521724110: suspend_resume: freeze_processes[0] end
            bash-8746    [024] ..... 1187521727187: suspend_resume: suspend_enter[1] end
            bash-8746    [024] ..... 1187521835213: suspend_resume: dpm_prepare[2] begin
            bash-8746    [000] ..... 1187668743402: suspend_resume: dpm_prepare[2] end
            bash-8746    [000] ..... 1187668770919: suspend_resume: dpm_suspend[2] begin
            bash-8746    [011] ..... 1188427565542: suspend_resume: dpm_suspend[2] end
            bash-8746    [011] ..... 1188427585666: suspend_resume: dpm_suspend_late[2] begin
            bash-8746    [006] ..... 1191123564539: suspend_resume: dpm_suspend_late[2] end
            bash-8746    [006] ..... 1191125053378: suspend_resume: dpm_suspend_noirq[2] begin
            bash-8746    [018] ..... 1193876447093: suspend_resume: dpm_suspend_noirq[2] end
            bash-8746    [002] ..... 1193886409495: suspend_resume: machine_suspend[1] begin
          <idle>-0       [029] d..2. 1193886832433: suspend_resume: timekeeping_freeze[29] begin
          <idle>-0       [029] dN.2. 1193888080319: suspend_resume: timekeeping_freeze[29] end
          <idle>-0       [029] d..2. 1193888143723: suspend_resume: timekeeping_freeze[29] begin
          <idle>-0       [000] dN.2. 1201381389646: suspend_resume: timekeeping_freeze[0] end
            bash-8746    [002] ..... 1201381998941: suspend_resume: machine_suspend[1] end
            bash-8746    [004] ..... 1201391088319: suspend_resume: dpm_resume_noirq[16] begin
            bash-8746    [004] ..... 1202845444276: suspend_resume: dpm_resume_noirq[16] end
            bash-8746    [004] ..... 1202846048883: suspend_resume: dpm_resume_early[16] begin
            bash-8746    [008] ..... 1202852380910: suspend_resume: dpm_resume_early[16] end
            bash-8746    [008] ..... 1202852384998: suspend_resume: dpm_resume[16] begin
            bash-8746    [008] ..... 1205560792884: suspend_resume: dpm_resume[16] end
            bash-8746    [008] ..... 1205560802003: suspend_resume: dpm_complete[16] begin
            bash-8746    [008] ..... 1205590470582: suspend_resume: dpm_complete[16] end
            bash-8746    [008] ..... 1205590495213: suspend_resume: console_resume_all[1] begin
            bash-8746    [006] ..... 1205590930692: suspend_resume: console_resume_all[1] end
            bash-8746    [006] ..... 1205590939441: suspend_resume: thaw_processes[0] begin
            bash-8746    [026] ..... 1205599990928: suspend_resume: thaw_processes[0] end
